id,title,author,year,language,language_source,description,cover_url,publisher,isbn13,isbn10,ol_work_key,source,themes,theme_source,curation_status,access_type,access_url,license
abbda0f7-786d-53db-8cd0-f2fd94cc6440,"A statement given by Abdilatif Abdalla, chief co-ordinator of the United Movement for Democracy in Kenya, to the 7th Pan-African Congress, Kampala, Uganda on 3-8 April, 1994",Abdilatif Abdalla,1994,English,guessed,"Abdilatif Abdalla: Poet in Politics celebrates the work of Abdilatif Abdalla, one of Kenyas most well-known poets and a committed political activist. It includes commentary essays on aspects of Abdilatif Abdallas work and life, through inter-weaving perspectives on poetry and politics, language and history; with contributions by East African writers and scholars of Swahili literature, including Ngugi wa Thiongo, Said Khamis, Ken Walibora, Ahmed Rajab, Mohamed Bakari, and Sheikh Abdilahi Nassir, among others. Abdalla became famous in 1973, with the publication of Sauti ya Dhiki (Voice of Agony), a collection of poems written secretly in prison during three years of solitary confinement (1969-72). He was convicted of circulating pamphlets against Jomo Kenyattas KANU government, criticizing it as dictatorial and calling for political resistance in the pamphlet, 'Kenya: Twendapi?' (Kenya: where are we heading?). His poetry epitomizes the ongoing currency of classic Swahili form and language, while his work overall, including translations and editorships, exemplifies a two-way mediation between traditional and modern perspectives. It makes old and new voices of Swahili poetry and African literature accessible to a wider readership in East Africa, and beyond. Abdalla has lived in exile since 1973, in Tanzania, London, and subsequently, until now, in Germany. Nevertheless, Swahili literature and Kenyan politics have remained central to his life.",https://books.google.com/books/content?id=g_hWEAAAQBAJ&printsec=frontcover&img=1&zoom=1&edge=curl&source=gbs_api,,,,,ol_author,"[""Civic responsibility"", ""Corruption and governance""]",model,unreviewed,find,,
a1766a8d-08b8-5dd8-9a4d-a3bcc2aeac8a,Imaginative Vision of Abdilatif Abdalla's Voice of Agony,Abdilatif Abdalla,2024,English,guessed,First English literary translation of Abdilatif Abdalla's influential Voice of Agony,https://books.google.com/books/content?id=7fHnEAAAQBAJ&printsec=frontcover&img=1&zoom=1&edge=curl&source=gbs_api,,,,,ol_author,"[""Love and heartbreak"", ""Silence and voice"", ""Good vs evil""]",model,unreviewed,find,,
0a51a9f0-00cc-5be3-b013-60b0930e12ad,Mashairi ya miaka kumi ya Azimio la Arusha,Abdilatif Abdalla,1977,Kiswahili,guessed,,https://books.google.com/books/content?id=M1YHAQAAIAAJ&printsec=frontcover&img=1&zoom=1&source=gbs_api,,,,/works/OL22600479W,ol_author,[],insufficient_text,unreviewed,find,,
0116bc56-196c-58b5-a38d-bc18c84148dd,Sauti ya dhiki,Abdilatif Abdalla,1973,Kiswahili,guessed,First English literary translation of Abdilatif Abdalla's influential Voice of Agony,https://books.google.com/books/content?id=7fHnEAAAQBAJ&printsec=frontcover&img=1&zoom=1&edge=curl&source=gbs_api,,,,,ol_author,"[""Silence and voice"", ""Love and heartbreak""]",model,unreviewed,find,,
87ba86a1-f00a-5295-97a7-dc2ff704dc07,Dua ya Maarusi,Ahmad Nassir Juma Bhalo Sayyani,,Kiswahili,metadata,,,,,,,wikidata,[],insufficient_text,unreviewed,find,,
126227c2-90b2-5c6b-be82-8f87d6aafee2,Manukato ya wa mbeja,Ahmed Sheikh Nabhany,,Kiswahili,metadata,,https://books.google.com/books/content?id=7WkaAQAAMAAJ&printsec=frontcover&img=1&zoom=1&source=gbs_api,,,,,wikidata,[],insufficient_text,unreviewed,find,,
955ee9d5-026b-59ac-8f27-0bc42cd38871,Sambo ya Kiwandeo,Ahmed Sheikh Nabhany,1979,Kiswahili,guessed,"Mashairi Ya Vita Vya Kuduhu is a presentation and discussion of both manuscript and published versions of poems written by Lamu poets around the time of the Battle of Kuduhu. The poetic dialogue studied in this volume has played a significant role in the history of Swahili poetry, and its primary concern is to inform continued work in this area. The poems contained in this work were transmitted and preserved by speakers of Kiswahili and later collected and preserved by scholars. Chapter One contains the edited poems; Chapter Two consists of the translations. Subsequent chapters include accounts of the Battle of Kuduhu, editing and translating practices, and annotated poems and source versions. This work is presented as an example of the importance of research, fieldwork, and the consideration of available versions and alternative styles of presentation in the study of Swahili poetry.",https://books.google.com/books/content?id=D1riOLGZnJUC&printsec=frontcover&img=1&zoom=1&edge=curl&source=gbs_api,,,,,ol_author,"[""Power of language""]",model,unreviewed,find,,
9d4d1399-fad0-5777-b6e3-efeb5abe7243,Umbuji wa kiwandeo,Ahmed Sheikh Nabhany,1985,English,guessed,"Philosophising in Mombasa provides an approach to the anthropological study of philosophical discourses in the Swahili context of Mombasa, Kenya. In this historically established Muslim environment, at the dawn of the twenty-first century, philosophy is investigated as social discourse and intellectual practice, situated in everyday life. This is done from the perspective of an 'anthropology of philosophy', a project which is spelled out in the opening chapter. Entry-points and guidelines for the ethnography are provided by discussions of Swahili literary genres, life histories, and social debates. From here, local discourses of knowledge are described and analysed. The social environment and discursive dynamics of the Old Town are portrayed, firstly, by means of following and contextualising informal discussions among neighbours and friends at daily meeting points in the streets; and secondly, by presenting and discussing in-depth case studies of local intellectuals and their contributions to moral and intellectual debates within the community. Taking recurrent internal discussions on social affairs, politics, and appropriate Islamic conduct as a focus, this study sheds light on local practices of critique and reflection. In particular, three local intellectuals (two poets, one Islamic scholar) are portrayed against the background of regional intellectual history, Islamic scholarship, as well as common public debates and private discussions. The three contextual portrayals discuss exemplary issues for the wider field of research on philosophical discourse in Mombasa and the Swahili context on the whole, with reference to the lives and projects of distinct individual thinkers. Ultimately, the study directs attention beyond the regional and the African contexts, towards the anthropological study of knowledge and intellectual practice around the world.",https://books.google.com/books/content?id=0vKqBgAAQBAJ&printsec=frontcover&img=1&zoom=1&edge=curl&source=gbs_api,,,,,ol_author,"[""Religion and spirituality""]",model,unreviewed,find,,
9bbb3eb9-c089-506d-9322-35883afabfe9,Umbuji wa mnazi,Ahmed Sheikh Nabhany,1985,,,,https://books.google.com/books/content?id=kYZkAAAAMAAJ&printsec=frontcover&img=1&zoom=1&source=gbs_api,,,,/works/OL4954939W,ol_author,[],insufficient_text,unreviewed,find,,
b1e09c39-e4f4-59b7-bdbf-3ebfa82a2a59,A World Federation of Cultures,Ali Al'Amin Mazrui,1976,English,guessed,,https://covers.openlibrary.org/b/id/7914071-L.jpg,,,,,ol_author,[],insufficient_text,unreviewed,find,,
f7e4cad8-ce21-57e5-80d1-7371eee6d0e6,Africa's international relations,Ali Al'Amin Mazrui,1977,English,guessed,"The author presents a journey through African and Western history, culture and politics. By essaying Africa's international relations, Mazrui returns to an important truth: the power of race and culture in Africa's relations with the West. Discussing African political formation, his overriding theme, not unpredictably, is assimilation - of the enti",https://covers.openlibrary.org/b/id/4412231-L.jpg,,,,,ol_author,"[""Colonialism and resistance""]",model,unreviewed,find,,
b8cc3504-c6dc-5697-a840-f56b7bf8a2de,Cultural Forces in World Politics,Ali Al'Amin Mazrui,1989,English,guessed,"Ali Mazrui makes us reconsider the realities of power in world politics. He argues that the emphasis continues to be on arms, on resources, and on strategic calculations and that the importance of culture has been grossly underestimated. Mazrui's own mind is a cultural crossroads; he can give Islamic insights to Western audiences about The Satanic Verses; he relates the Beijing Spring to the Palestinian Intifada; he compares the effects of Zionism and Apartheid; he puts together Muhammad, Marx, and market forces; he tells the Americans that their attitude to the Third World is a ""dialogue of the deaf."" The three sections of his masterful book are entitled The Cultural Sweep of History, Ideology and Power, and In Search of Change.",https://covers.openlibrary.org/b/id/8520966-L.jpg,,,,,ol_author,"[""Bad governance"", ""Religion and spirituality"", ""Political violence""]",model,unreviewed,find,,
97dc0eff-06c1-51d6-8d52-f39976d8a10e,Euro-Jews and Afro-Arabs,Ali Al'Amin Mazrui,2007,English,guessed,"The impact of European and Semitic peoples upon world civilization and African history is addressed in this scholarly study. The Jewish wing of the Semitic people converged with the Western world; the Arab wing of the Semites converged with Africa. The three Abrahamic religions of Judaism, Christianity, and Islam have confronted the racial divide between Caucasian people and people of color. This book explores the geographical regions of Africa, the Middle East, and the Western world in the context of fragile structures and resilient cultures.",https://covers.openlibrary.org/b/id/2606354-L.jpg,,,,,ol_author,"[""Urbanization"", ""Religion and spirituality""]",model,unreviewed,find,,
a9875dee-3ead-5496-bdb8-b4d4433c4745,Islam,Ali Al'Amin Mazrui,2004,English,guessed,"Islam in this twenty-first century is caught up in a vortex of three inter-related forces – globalization, international terrorism, and the rise of the American Empire. Mazrui examines those forces from the perspective of the rise and fall of civilizations, ranging from the creation of the state of Israel to the aftermath of September 11. – back cover.",https://covers.openlibrary.org/b/id/1978727-L.jpg,,,,,ol_author,"[""Religion and spirituality""]",model,unreviewed,find,,
91b033d2-fd10-5405-b6f0-1a49ddd3fe8f,Kilio cha haki,Alamin Mazrui,1981,Kiswahili,guessed,,,,,,/works/OL1741993W,ol_author,[],insufficient_text,unreviewed,find,,
710fc1db-de7e-5c45-82a6-2d66e2f5e74e,"Power, politics, and the African condition",Ali Al'Amin Mazrui,2003,English,guessed,"Power, Politics, and the African Condition is the third volume of The Collected Essays of Ali A. Mazrui, which will provide readers with a broad spectrum of Ali. A. Mazrui's scholarly writings. The third volume is centered on issues of power and politics at the nexus of Africa's domestic affairs and its international concepts about the disequilibrium of power in the international system and the problems that Africa has confronted globally because of it. Mazrui focuses the reader's attention on the impact that the colonial legacy and African tradition had on state formation, leadership, Africa's political economy, violence and conflict resolution while presenting some of his most interesting and even controversial ideas for building ""Pax Africana."" Spanning nearly forty years, Mazrui's essays are classic and contemporary statements on the diagnosis and treatment of what he called ""The African Condition.""",https://covers.openlibrary.org/b/id/1978660-L.jpg,,,,,ol_author,"[""Oppression"", ""Bad governance"", ""Political violence""]",model,unreviewed,find,,
9f2a279b-c1e0-527e-b855-a8bb676fdac0,Shadows of the moon,Alamin Mazrui,1991,English,guessed,,https://covers.openlibrary.org/b/id/3870549-L.jpg,,,,/works/OL1742005W,ol_author,[],insufficient_text,unreviewed,find,,
b0975621-74de-5cb6-ae91-b0705854d4af,Swahili state and society,Ali Al'Amin Mazrui,1995,English,guessed,This text examines the social and political impact of the Swahili language.,https://covers.openlibrary.org/b/id/9092093-L.jpg,,,,,ol_author,[],insufficient_text,unreviewed,find,,
73c5dac6-f0d4-5a16-a346-8fb0d5286f90,The African condition,Ali Al'Amin Mazrui,1980,English,guessed,,https://covers.openlibrary.org/b/id/4395618-L.jpg,,,,/works/OL1742008W,ol_author,[],insufficient_text,unreviewed,find,,
863a4a4d-31e4-59b2-98ac-08950865a3b8,The Africans,Ali Al'Amin Mazrui,1986,English,guessed,"Looks at the history, geography, and culture of Africa, assesses native, Arab, and Western influences, and discusses sports, religion, government, and social issues in Africa",https://covers.openlibrary.org/b/id/9993610-L.jpg,,,,,ol_author,"[""Indigenous knowledge"", ""Language and identity"", ""Ethnic diversity""]",model,unreviewed,find,,
c8494daa-c6e0-5054-874b-b59a7099dbe7,The Anglo-African commonwealth,Ali Al'Amin Mazrui,1967,English,guessed,,https://books.google.com/books/content?id=allyAAAAMAAJ&printsec=frontcover&img=1&zoom=1&source=gbs_api,,,,/works/OL3230062W,ol_author,[],insufficient_text,unreviewed,find,,
b5e193f2-5299-5604-9a5c-bfb4ac4716ee,The Warrior Tradition in Modern Africa (International Studies in Sociology and Social Anthropology),Ali Al'Amin Mazrui,1977,English,guessed,,https://covers.openlibrary.org/b/id/4886636-L.jpg,,,,,ol_author,[],insufficient_text,unreviewed,find,,
8069b620-12b2-55a3-8b1f-546e7c0ed91b,The political sociology of the English language,Ali Al'Amin Mazrui,1975,English,guessed,,https://covers.openlibrary.org/b/id/4894446-L.jpg,,,,,ol_author,[],insufficient_text,unreviewed,find,,
cc6febf5-5828-54af-9ef7-9cc214eabe8a,The power of Babel,Ali Al'Amin Mazrui,1998,English,guessed,"Linguists estimate that there are currently nearly 2,000 languages in Africa, a staggering figure that is belied by the relatively few national languages. While African national politics, economics, and law are all conducted primarily in the colonial languages, the cultural life of the majority of citizens is conducted in a bewildering Babel of local and regional dialects, making language itself the center of debates over multiculturalism, gender studies, and social theory. In The Power of Babel, the noted Africanist scholar Ali Mazrui and linguist Alamin Mazrui explore this vast territory of African language. The Power of Babel is one of the first comprehensive studies of the complex linguistic constellations of Africa. It draws on Ali Mazrui's earlier work in its examination of the ""triple heritage"" of African culture, in which indigenous, Islamic, and Western traditions compete for influence. In bringing the idea of the triple heritage to language, the Mazruis unravel issues of power, culture, and modernity as they are embedded in African linguistic life. The first section of the book takes a global perspective, exploring such issues as the Eurocentrism of much linguistic scholarship on Africa; part two takes an African perspective on a variety of issues from the linguistically disadvantaged position of women in Africa to the relation of language policy and democratic development; the third section presents a set of regional studies, centering on the Swahili language's exemplification of the triple heritage.The Power of Babel unites empirical information with theories of nationalism and pluralism—among others—to offer the richest contextual account of African languages to date.",https://covers.openlibrary.org/b/id/3787719-L.jpg,,,,,ol_author,"[""Power of language"", ""Language and identity""]",model,unreviewed,find,,
983d3d31-72fb-5b07-8850-92c706a2fad8,The trial of Christopher Okigbo,Ali Al'Amin Mazrui,1971,English,guessed,"Written during the Nigerian-Biafran War of the late 1960s, The Trial of Christopher Okigbo boldly tackles questions of Pan-Africanism and independence - with the answers leading to blissful immortality or eternal damnation... After a fatal car accident, Hamisi wakes up in a strange land called After-Africa – an afterworld for all Africans who have died since history began. He soon finds out, however, that his position in the afterlife hangs in the balance. To be allowed to stay, Hamisi must participate in the absurd trial of the renowned poet and solider, Christopher Okigbo, who was killed on the front lines. His crime? Choosing war over his art... The Trial of Christopher Okigbo is a wondrously surreal examination into the responsibilities of art and war and their uncomfortable coexistence. '[The Trial of Christopher Okigbo is] its own best proof that important political questioning and art are not mutually exclusive.' New York Times 'Whether in speech or in writing, Mazrui dissected and unravelled Africa in a delightful manner.' Guardian",https://covers.openlibrary.org/b/id/14004255-L.jpg,,,,,ol_author,[],no_confident_theme,unreviewed,find,,
3f4dab02-a5a0-53b7-a24d-abb698a59747,Towards a Pax Africana,Ali Al'Amin Mazrui,1967,English,guessed,,https://covers.openlibrary.org/b/id/9433726-L.jpg,,,,/works/OL1742012W,ol_author,[],insufficient_text,unreviewed,find,,
3c92359c-9785-548b-8ff7-25cf36baf817,"UNESCO General History of Africa, Vol. VIII",Ali Al'Amin Mazrui,1993,English,guessed,"The result of years of work by scholars from all over the world, The UNESCO General History of Africa reflects how the different peoples of Africa view their civilizations and shows the historical relationships between the various parts of the continent. Historical connections with other continents demonstrate Africa's contribution to the development of human civilization. Each volume is lavishly illustrated and contains a comprehensive bibliography. This final volume of the acclaimed series of African history by African scholars takes on the complex political, economic, and cultural challenges the continent has faced--and still faces--in shaking off the legacy of colonialism. The book begins with Mussolini's invasion of Ethiopia in 1935 and continues on through the struggle for independence in the years following World War II. The glittering but uncertain dawn of independence that began in the 1960s has resulted in a quest for development that continues today.",https://covers.openlibrary.org/b/id/324491-L.jpg,,,,,ol_author,[],no_confident_theme,unreviewed,find,,
af410321-a9eb-58ce-bbd4-9d12b95ce18c,Violence and thought,Ali Al'Amin Mazrui,1969,English,guessed,,https://books.google.com/books/content?id=Ge0iAAAAMAAJ&printsec=frontcover&img=1&zoom=1&source=gbs_api,,,,/works/OL7300858W,ol_author,[],insufficient_text,unreviewed,find,,
6555d39b-9f73-5981-a2dd-e406b2023de8,World culture and the Black experience,Ali Al'Amin Mazrui,1974,English,guessed,"A collection of lectures by the author, this book discusses the African perspective in relation to the rest of the world, and the possibility of change through shared cultural values.",https://books.google.com/books/content?id=6lQTPxdYx8kC&printsec=frontcover&img=1&zoom=1&edge=curl&source=gbs_api,,,,,ol_author,"[""Morality and ethics"", ""Indigenous knowledge"", ""Religion and spirituality""]",model,unreviewed,find,,
766ee3c5-5914-5ffc-b254-9629666f595e,The Trial of Christopher Okigbo,Ali Mazrui,,English,metadata,"Written during the Nigerian-Biafran War of the late 1960s, The Trial of Christopher Okigbo boldly tackles questions of Pan-Africanism and independence - with the answers leading to blissful immortality or eternal damnation... After a fatal car accident, Hamisi wakes up in a strange land called After-Africa – an afterworld for all Africans who have died since history began. He soon finds out, however, that his position in the afterlife hangs in the balance. To be allowed to stay, Hamisi must participate in the absurd trial of the renowned poet and solider, Christopher Okigbo, who was killed on the front lines. His crime? Choosing war over his art... The Trial of Christopher Okigbo is a wondrously surreal examination into the responsibilities of art and war and their uncomfortable coexistence. '[The Trial of Christopher Okigbo is] its own best proof that important political questioning and art are not mutually exclusive.' New York Times 'Whether in speech or in writing, Mazrui dissected and unravelled Africa in a delightful manner.' Guardian",https://books.google.com/books/content?id=xszlEAAAQBAJ&printsec=frontcover&img=1&zoom=1&edge=curl&source=gbs_api,,,,,wikidata,[],no_confident_theme,unreviewed,find,,
089b1ca8-a77d-5c56-ba9c-5203036c676b,Kale ya washairi wa Pemba,Ali bin Said bin Rashid Jahadhmiy,2011,Kiswahili,guessed,"A collection of poems by two poets, Kamange and Sarahani, who lived between the last half of the 19th and early 20th century in Pemba Island.",https://books.google.com/books/content?id=9PdWEAAAQBAJ&printsec=frontcover&img=1&zoom=1&edge=curl&source=gbs_api,,,,,ol_author,[],no_confident_theme,unreviewed,find,,
e54426ea-24ec-5468-93fb-86f8a5fb1595,"Allan deSouza, Yong Soon Min",Allan DeSouza,1997,,,,,,,,/works/OL13579816W,ol_author,[],insufficient_text,unreviewed,find,,
25897f88-e574-5a58-8857-9456d2f83568,"Allan deSouza, a decade of photoworks, 1998-2008",Allan DeSouza,2008,English,guessed,Catalog of an artist's exhibition; chiefly photographic reproductions of his works.,,,,,/works/OL13579815W,ol_author,[],no_confident_theme,unreviewed,find,,
37c7ce62-2b58-5e06-8713-9614c347a035,AlterNatives,Allan DeSouza,1997,,,,,,,,/works/OL13579817W,ol_author,[],insufficient_text,unreviewed,find,,
13a67178-1eb1-54dc-ba90-b7bb58aa7b15,Ark of Martyrs,Allan DeSouza,2020,English,guessed,"Fiction. Poetry. Drama. Literary Nonfiction. California Interest. African & African American Studies. Women's Studies. LGBTQIA Studies. Hybrid genre. ARK OF MARTYRS is a rewriting of Joseph Conrad's 1899 novel, Heart of Darkness. In the vocal traditions of gospel, toasting, and rap, Allan deSouza replaces Conrad's words with ones that loosely rhyme to form an autobiography of V whose story consists of the mental chatter, unspoken and unspeakable desires, avarice, anxieties, and political resentments of guests at a wedding party on a cruise ship that's adrift and under quarantine.",https://books.google.com/books/content?id=S15qzQEACAAJ&printsec=frontcover&img=1&zoom=1&source=gbs_api,,,,,ol_author,"[""Love and heartbreak""]",model,unreviewed,find,,
12501a5d-e577-5e0d-8fb1-37bb23afdb30,Crossing black waters,Allan DeSouza,1992,English,guessed,"""Crossing Black Water refers to Kala Pani, the black oceans surrounding the Indian subcontinent. To cross them was to break with tradition, to break one's caste, literally to become an outcast. Accompanying a major exhibition of the same name, the book looks at the work of thirteen South Asian artists - seven based in Britain and six in the subcontinent. Through essays, photographs and interviews, Crossing Black Water analyses the artists' handling of the colonial legacy and their attempts to extend and develop a contemporary cultural practice. The featured artists are: Said Adrus, Anand Moy Banerji, Arpana Caur, Allan deSouza, Nina Edge, Sushanta Guha, Bhajan Hunjan, Manjeet Lamba, Shaheen Merali, Quddus Mirza, Samena Rana, Anwar Saeed, and Sashidharan.""--Publisher.",https://books.google.com/books/content?id=zc83AQAAIAAJ&printsec=frontcover&img=1&zoom=1&source=gbs_api,,,,,ol_author,[],no_confident_theme,unreviewed,find,,
b6f28a55-3ac7-53f0-93ab-f1373c9bfaa8,How Art Can Be Thought,Allan DeSouza,2018,English,guessed,"What terms do we use to describe and evaluate art, and how do we judge if art is good, and if it is for the social good? In How Art Can Be Thought Allan deSouza investigates such questions and the popular terminology through which art is discussed, valued, and taught. Adapting art viewing to contemporary demands within a rapidly changing world, deSouza outlines how art functions as politicized culture within a global industry. In addition to offering new pedagogical strategies for MFA programs and the training of artists, he provides an extensive analytical glossary of some of the most common terms used to discuss art while focusing on their current and changing usage. He also shows how these terms may be crafted to new artistic and social practices, particularly in what it means to decolonize the places of display and learning. DeSouza's work will be invaluable to the casual gallery visitor and the arts professional alike, to all those who regularly look at, think about, and make art—especially art students and faculty, artists, art critics, and curators.",https://covers.openlibrary.org/b/id/9225223-L.jpg,,,,,ol_author,[],no_confident_theme,unreviewed,find,,
15fa67f1-ca0f-5e4a-aba3-868d30ca777d,Andreas Herzau,Andreas Herzau,2018,English,guessed,"Während des Bürgerkriegs in den 1990er-Jahren galt Liberia als ein Synonym für den Vorhof zur Hölle. Die Berichte über die Greueltaten der War Lords und ihrer Milizen gingen um die Welt. Andreas Herzau hat den Bürgerkrieg und die Flüchtlingsbewegungen damals vor Ort als Reporter erlebt und dokumentiert. Als in den Jahren 2005/06 ein erstaunlicher Aufarbeitungs- und Demokratisierungsprozess in Liberia einsetzte, besuchte er das Land erneut, stellte bald aber fest, dass diese Geschehnisse in der westlichen Welt auf weit weniger Interesse stießen als die 'Sensationen des Negativen'.0Ihm wurde deutlich, wie sehr das europäische Bild von Afrika durch den Fokus auf Kriege und Krisen geprägt ist. Sobald sich die Situation in einem der Länder zum Guten wendet, berichtet niemand mehr darüber. Bestand haben einzig die Bilder und Nachrichten von Greueltaten, Chaos, Hunger und Opfern. Herzau bemerkte, dass diese 'déformation professionelle' auch seinen Blick bestimmte. Er beschloss daraufhin, ein Experiment zu wagen und das Land 2019 unter anderen Vorzeichen zu betrachten. Das Ziel war, in Erfahrung zu bringen, ob es ihm gelinge, Liberia mit einem Interesse am Positiven zu bereisen und eine optische Sprache dafür zu finden. Das vorliegenden Buch stellt im Wortsinn einen Versuch dar, sich der zementierenden Wirkung einseitiger Opferberichterstattung entgegenzustellen und dem Stereotyp des europäischen Afrikabildes zu entkommen. Inspiration dafür war auch der Essay 'How to write about Africa' des kenianischen Autors Binyavanga Wainaina, der dem Band in Deutsch und Englisch vorangestellt ist.",https://books.google.com/books/content?id=Jn1zjwEACAAJ&printsec=frontcover&img=1&zoom=1&source=gbs_api,,,,,ol_author,"[""Migration and diaspora""]",model,unreviewed,find,,
bff89cd2-677c-5bf5-aabb-9320e0262d29,Jua na Upepo,Anne Matindi,1968,Kiswahili,guessed,,https://books.google.com/books/content?id=xgUPDwR59TUC&printsec=frontcover&img=1&zoom=1&source=gbs_api,,,,/works/OL7197414W,ol_author,[],insufficient_text,unreviewed,find,,
e62a5bf4-66ff-53a6-ab81-5656fccec2d1,The lonely black pig,Anne Matindi,1968,English,guessed,These delightful stories will enhance Anne Matindi's growing reputation as one of East Africa's foremost writers for children. One of her first books has already been translated into Swahili language.,https://books.google.com/books/content?id=ketHzwEACAAJ&printsec=frontcover&img=1&zoom=1&source=gbs_api,,,,,ol_author,"[""Good vs evil""]",model,unreviewed,find,,
8347f286-c1f3-52c0-9be0-730a35688979,The sun and the wind,Anne Matindi,1967,English,guessed,,https://books.google.com/books/content?id=-4xMAQAAIAAJ&printsec=frontcover&img=1&zoom=1&source=gbs_api,,,,/works/OL7197417W,ol_author,[],insufficient_text,unreviewed,find,,
dea4e974-02ea-5a81-9101-b0260cf5fad2,The sun-men and other plays,Anne Matindi,1971,English,guessed,,https://books.google.com/books/content?id=ttLUqDXRHuwC&printsec=frontcover&img=1&zoom=1&source=gbs_api,,,,/works/OL7197416W,ol_author,[],insufficient_text,unreviewed,find,,
3fe77543-85d2-5efe-aa8c-75bbaf5916fd,We the women-- for peace,Aseghedech Ghirmazion,2003,English,guessed,"A study of the women who led the United States section of the Women's International League for Peace and Freedom in the interwar years, this book argues that the ideas of these women--the importance of nurturing, nonviolence, feminism, and a careful balancing of people's differences with their common humanity--constitute an important addition to our understanding of the intellectual heritage of the United States. Most of these women were well educated and prominent in their chosen fields: they included Jane Addams and Emily Greene Balch, the only two United States women to win Nobel Prizes for Peace; Jeannette Rankin, the first woman elected to the U.S. Congress; and Dorothy Detzer, the woman who prompted the investigation of the munitions industry in the 1930's. The ideas of these women were not usually expressed in forms conventionally studied by intellectual historians. On the whole, their ideas must be teased out of organizational records, statements of principle and policy, and personal correspondence. When combined with an understanding of the personal backgrounds of the WIL leaders and placed in the context of early-twentieth-century America, these documents tell us what these women thought was important and why. The ideas of the WIL leaders are also analyzed in the context of the intellectual themes of Victorianism and modernism. Our understanding of these themes has been based largely on the work of privileged European and American men, and the ideas of women often fit uncomfortably into these traditional categories. A reconstruction of the ideas of the WIL leaders suggests that historians have overlooked an important, alternative intellectual tradition in the United States. To understand and appreciate women's thoughts, we must dissolve the old constructs and let new, multifaceted ones replace them.",,,,,/works/OL23940423W,ol_author,"[""Gender roles and feminism""]",model,unreviewed,find,,
25d64458-a0fa-5e0c-ad82-dc8a8e306235,Financing Africa,Attiya Waris,2019,English,guessed,"Financing Africas development requires ingenuity, discipline, and an understanding of fiscal systems the entirety of government revenues and expenditures, including taxation and debt. This book makes fascinating what might seem at first glance complex. It describes diverse approaches that have been adjusted to local circumstances across the continent and reflects on the push to unite and harmonise toward African union. Africa is rich, yet resources are lost through loopholes in fiscal systems. Financial resources come from the people, are not unlimited, and do not come easily or without cost. Africans must therefore cherish these resources and use them in nation-building and national and regional development. Efficient, effective, transparent and accountable fiscal systems that are fair and just will go a long way toward financing Africas development. Using examples from all of Africas 54 countries, the book makes fiscal matters real and understandable for people, no matter their field. It demonstrates the importance of fiscal law and policy for development and the impact it has on individuals, communities, nations, regional groupings, and the continent.",https://books.google.com/books/content?id=2_5WEAAAQBAJ&printsec=frontcover&img=1&zoom=1&edge=curl&source=gbs_api,,,,,ol_author,"[""Resource exploitation"", ""Wealth and materialism"", ""Greed""]",model,unreviewed,find,,
9e2ebea9-9959-55e4-a486-07113c2cb9ea,Tax & development,Attiya Waris,2013,English,guessed,"Financing Africas development requires ingenuity, discipline, and an understanding of fiscal systems the entirety of government revenues and expenditures, including taxation and debt. This book makes fascinating what might seem at first glance complex. It describes diverse approaches that have been adjusted to local circumstances across the continent and reflects on the push to unite and harmonise toward African union. Africa is rich, yet resources are lost through loopholes in fiscal systems. Financial resources come from the people, are not unlimited, and do not come easily or without cost. Africans must therefore cherish these resources and use them in nation-building and national and regional development. Efficient, effective, transparent and accountable fiscal systems that are fair and just will go a long way toward financing Africas development. Using examples from all of Africas 54 countries, the book makes fiscal matters real and understandable for people, no matter their field. It demonstrates the importance of fiscal law and policy for development and the impact it has on individuals, communities, nations, regional groupings, and the continent.",https://books.google.com/books/content?id=2_5WEAAAQBAJ&printsec=frontcover&img=1&zoom=1&edge=curl&source=gbs_api,,,,,ol_author,"[""Resource exploitation"", ""Wealth and materialism"", ""Greed""]",model,unreviewed,find,,
983a14c2-0824-595a-86ad-e998ca35d224,Taxation and state building in Kenya,Attiya Waris,2009,English,guessed,"This book on Taxation Dispute Resolution Mechanism with Special Reference to International Trade explores the intricate legal and procedural frameworks governing tax-related conflicts in global commerce. It delves into the What is dispute and how it can effect any economy it also delves into intersection of tax law and international trade, analyzing the mechanisms designed to resolve disputes between multinational corporations and tax authorities. Key areas include bilateral and multilateral treaties, such as the OECD Model Tax Convention, and how they address tax evasion, double taxation, and transfer pricing issues. The book also examines arbitration and mediation as effective tools for resolving such disputes, comparing various countries' approaches and international organizations' roles in shaping dispute resolution frameworks. In the context of globalization, your book highlights the growing complexity of tax-related disagreements, emphasizing the need for streamlined processes to promote trade without compromising tax compliance. The work provides a critical analysis of case law, treaties, and dispute settlement mechanisms to guide practitioners, policymakers, and academics.",https://books.google.com/books/content?id=Pg0jEQAAQBAJ&printsec=frontcover&img=1&zoom=1&edge=curl&source=gbs_api,,,,,ol_author,"[""Corruption and governance"", ""Wealth and materialism""]",model,unreviewed,find,,
ba6570a0-39b9-5251-b425-1737cfc5fbec,And Then Life Happens,Auma Obama,2012,English,guessed,"President Barack Obama's half-sister writes a moving memoir of her life in a remote village in Kenya, her years in England and Germany, and her relationship with her brother.",https://covers.openlibrary.org/b/id/9042993-L.jpg,,,,,ol_author,"[""Family unity"", ""Marriage and relationships""]",model,unreviewed,find,,
079abee2-7aae-5575-b71e-904d10195869,Das Leben kommt immer dazwischen,Auma Obama,2010,English,guessed,"Barack Obama Sr., father of the American president, was part of Africa's ""independence generation"" and in 1959 it seemed his star would shine brightly. He came to the U.S. from Kenya and was given a university scholarship. While in the Hawaii, he met Ann Dunham in 1961, and his son Barack was born. He left his young family to gain a master's degree from Harvard. After that, Obama's life became progressively more complicated. He was a brilliant economist, yet never held the coveted government job he felt should have been his. He was a polygamist, an alcoholic, and an ardent African nationalist unafraid to tell truth to power at a time when that could get you killed. Father of eight, nurturer of none, he was an unlikely person to father the first African American president of the United States. Yet he was, like that son, a man moved by the dream of a better world. Now, thanks to dozens of exclusive new interviews, prodigious research, and determined investigation, Sally Jacobs tells his full story.",https://covers.openlibrary.org/b/id/12770998-L.jpg,,,,,ol_author,[],no_confident_theme,unreviewed,find,,
742c3e5f-224c-5194-96be-c129767a8b26,Leidenschaft,Auma Obama,2022,English,guessed,Die mittlerweile fast 40-jährige Tradition des Breaking in Deutschland bietet faszinierende Einblicke in das Lernen der Tanzpraxen des Hip Hop vom informellen Aneignen auf der Straße bis zur Integration von Kursen in Bildungsinstitutionen. Im Rahmen einer qualitativen Studie und auf der Grundlage narrativer Interviews von Tänzer:innen der ersten Generation bis zu heutigen Schüler:innen führen die Autor:innen in das energiegeladene Gravitationsfeld einer selbstregulierten Tanz- und Lernkultur ein und verbinden dies mit einer ersten umfassenden Darstellung der Geschichte des Tanzes in Deutschland. Michael Rappe (*1964) ist seit 2004 Professor für Geschichte und Theorie der Populären Musik an der Hochschule für Musik und Tanz Köln. Schwerpunkt seines wissenschaftlichen und publizistischen Arbeitens war und ist die Auseinandersetzung mit der Geschichte und der Ästhetik afrodiasporischer Musikkulturen - vom Blues über Jazz bis zum Hip-Hop.,https://books.google.com/books/content?id=VdPqEAAAQBAJ&printsec=frontcover&img=1&zoom=1&edge=curl&source=gbs_api,,,,,ol_author,"[""Peer pressure"", ""Generational conflict"", ""Laziness""]",model,unreviewed,find,,
94a8e06b-8934-5157-9fab-b2b7aef6c369,Alnoor meets George Washington,Bahadur Tejani,,,,,,,,,/works/OL15497159W,ol_author,[],insufficient_text,unreviewed,find,,
726359a8-02d9-5df3-8cdb-e089f1a53134,Day after tomorrow,Bahadur Tejani,1971,,,,https://books.google.com/books/content?id=nSCgv0R824UC&printsec=frontcover&img=1&zoom=1&edge=curl&source=gbs_api,,,,/works/OL6314270W,ol_author,[],insufficient_text,unreviewed,find,,
043cee1d-1631-5481-a5f6-cd42914a68a0,Laughing in the face of terrorism,Bahadur Tejani,2009,English,guessed,"LAUGHING IN THE FACE OF TERRORISM is a collection of five books under a new title making the works affordable and a bargain for teachers and students of literature, culture, diversity seekers and the general public. The search for harmony is a main theme in Tejani's work and here he speaks of it in words destined to be classic: Music has the sweetness of the September sun, the tenderness of a bird call in the woods, the depth of unknown oceans and the serenity of the earth's swift strong glide across space. You will marvel at the incredibly comic mission of the new Indian immigrant in America to teach Americans how to speak English properly. Or rejoice in the friendship between Washington, America's First President and a Muslim boy on Mount Rushmore. Even wonder at Shakespeare committing suicide on the stage. For variety, Tejani teases the women of the world by comparing their scent to the aroma of rain on earth; and exposes the vulnerability of men with satire on their pre-occupation with the 'thermostat between their legs'. In this collection Ba Tejani has set out with mischief in his heart, irreverent wisdom in his hands and a tickling, teasing imagination which carries you on with a smile and a large question. Just what is he upto? What gifts of humanist synthesis does he have in his heart that we emerge refined and delighted and not peeved after reading one of his stories or watching his play? 451 Pages",https://covers.openlibrary.org/b/id/14310892-L.jpg,,,,,ol_author,"[""Religion and spirituality"", ""Honesty vs dishonesty"", ""Truth and deception""]",model,unreviewed,find,,
5ec6bc48-f573-55ec-b856-e0f8a00299d9,Obamawala,Bahadur Tejani,2010,English,guessed,"Obamawala is a collection of stories of hope and harmony from East Africa and America. The stories emphasize inclusiveness and assert our primal instincts of curiosity, touch and tenderness.",https://books.google.com/books/content?id=iXLiwAEACAAJ&printsec=frontcover&img=1&zoom=1&source=gbs_api,,,,,ol_author,"[""Community solidarity"", ""Hope and despair"", ""Family unity""]",model,unreviewed,find,,
86f25d2d-6390-5b29-975f-db804d49e0c1,Okello's Shakespeare,Bahadur Tejani,2006,English,guessed,"LAUGHING IN THE FACE OF TERRORISM is a collection of five books under a new title making the works affordable and a bargain for teachers and students of literature, culture, diversity seekers and the general public. The search for harmony is a main theme in Tejani's work and here he speaks of it in words destined to be classic: Music has the sweetness of the September sun, the tenderness of a bird call in the woods, the depth of unknown oceans and the serenity of the earth's swift strong glide across space. You will marvel at the incredibly comic mission of the new Indian immigrant in America to teach Americans how to speak English properly. Or rejoice in the friendship between Washington, America's First President and a Muslim boy on Mount Rushmore. Even wonder at Shakespeare committing suicide on the stage. For variety, Tejani teases the women of the world by comparing their scent to the aroma of rain on earth; and exposes the vulnerability of men with satire on their pre-occupation with the 'thermostat between their legs'. In this collection Ba Tejani has set out with mischief in his heart, irreverent wisdom in his hands and a tickling, teasing imagination which carries you on with a smile and a large question. Just what is he upto? What gifts of humanist synthesis does he have in his heart that we emerge refined and delighted and not peeved after reading one of his stories or watching his play? 451 Pages",https://books.google.com/books/content?id=FfLEBKlcMm0C&printsec=frontcover&img=1&zoom=1&edge=curl&source=gbs_api,,,,,ol_author,"[""Trauma and healing"", ""Good vs evil"", ""Religion and spirituality""]",model,unreviewed,find,,
7bc2a39d-365c-5f56-90ae-0c90633aa46a,The rape of literature,Bahadur Tejani,1969,English,guessed,,https://books.google.com/books/content?id=cV2VaAV0d3IC&printsec=frontcover&img=1&zoom=1&edge=curl&source=gbs_api,,,,/works/OL6314269W,ol_author,[],insufficient_text,unreviewed,find,,
cbc190fb-7f0a-54f1-96e1-d0cb74242de1,A Promised Land,Barack Obama,2020,English,metadata,"A riveting, deeply personal account of history in the making—from the president who inspired us to believe in the power of democracy #1 NEW YORK TIMES BESTSELLER • NAACP IMAGE AWARD NOMINEE • NAMED ONE OF THE TEN BEST BOOKS OF THE YEAR BY THE NEW YORK TIMES BOOK REVIEW AND PEOPLE NAMED ONE OF THE BEST BOOKS OF THE YEAR BY The Washington Post • Jennifer Szalai, The New York Times • NPR • The Guardian • Slate • Vox • The Economist • Marie Claire In the stirring first volume of his presidential memoirs, Barack Obama tells the story of his improbable odyssey from young man searching for his identity to leader of the free world, describing in strikingly personal detail both his political education and the landmark moments of the first term of his historic presidency—a time of dramatic transformation and turmoil. Obama takes readers on a compelling journey from his earliest political aspirations to the pivotal Iowa caucus victory that demonstrated the power of grassroots activism to the watershed night of November 4, 2008, when he was elected 44th president of the United States, becoming the first African American to hold the nation’s highest office. Reflecting on the presidency, he offers a unique and thoughtful exploration of both the awesome reach and the limits of presidential power, as well as singular insights into the dynamics of U.S. partisan politics and international diplomacy. Obama brings readers inside the Oval Office and the White House Situation Room, and to Moscow, Cairo, Beijing, and points beyond. We are privy to his thoughts as he assembles his cabinet, wrestles with a global financial crisis, takes the measure of Vladimir Putin, overcomes seemingly insurmountable odds to secure passage of the Affordable Care Act, clashes with generals about U.S. strategy in Afghanistan, tackles Wall Street reform, responds to the devastating Deepwater Horizon blowout, and authorizes Operation Neptune’s Spear, which leads to the death of Osama bin Laden. A Promised Land is extraordinarily intimate and introspective—the story of one man’s bet with history, the faith of a community organizer tested on the world stage. Obama is candid about the balancing act of running for office as a Black American, bearing the expectations of a generation buoyed by messages of “hope and change,” and meeting the moral challenges of high-stakes decision-making. He is frank about the forces that opposed him at home and abroad, open about how living in the White House affected his wife and daughters, and unafraid to reveal self-doubt and disappointment. Yet he never wavers from his belief that inside the great, ongoing American experiment, progress is always possible. This beautifully written and powerful book captures Barack Obama’s conviction that democracy is not a gift from on high but something founded on empathy and common understanding and built together, day by day.",https://books.google.com/books/content?id=hvr4DwAAQBAJ&printsec=frontcover&img=1&zoom=1&edge=curl&source=gbs_api,,,,OL22235242W,wikidata,"[""Civic responsibility"", ""Climate and nature"", ""Environmental conservation""]",model,unreviewed,find,,
8b2fb4a8-4a14-564d-aa07-763b037879c1,Dreams from My Father,Barack Obama,1995,English,metadata,"The son of a black African father and a white American mother, Obama was only two years old when his father walked out on the family. Many years later, Obama receives a phone call from Nairobi: his father is dead. This sudden news inspires an emotional odyssey for Obama, determined to learn the truth of his father's life and reconcile his divided inheritance.Written at the age of thirty-three, Dreams from My Father is an unforgettable read. It illuminates not only Obama's journey, but also our universal desire to understand our history, and what makes us the people we are.",https://books.google.com/books/content?id=yya9IL4Y-zcC&printsec=frontcover&img=1&zoom=1&source=gbs_api,,,,OL3246385W,wikidata,"[""Parent-child relationships""]",model,unreviewed,find,,
50aecdab-4dbe-52ec-988c-56dcd0619e35,Of Thee I Sing,Barack Obama,2010,English,metadata,"Barack Obama delivers a tender, beautiful letter to his daughters in this powerful picture book illustrated by award-winner Loren Long that's made to be treasured! In this poignant letter to his daughters, Barack Obama has written a moving tribute to thirteen groundbreaking Americans and the ideals that have shaped our nation. From the artistry of Georgia O'Keeffe, to the courage of Jackie Robinson, to the patriotism of George Washington, Obama sees the traits of these heroes within his own children, and within all of America’s children. Breathtaking, evocative illustrations by award-winning artist Loren Long at once capture the personalities and achievements of these great Americans and the innocence and promise of childhood. This beautiful book celebrates the characteristics that unite all Americans, from our nation’s founders to generations to come. It is about the potential within each of us to pursue our dreams and forge our own paths. It is a treasure to cherish with your family forever.",https://books.google.com/books/content?id=xxSPDQAAQBAJ&printsec=frontcover&img=1&zoom=1&edge=curl&source=gbs_api,Alfred A. Knopf,,,OL15897399W,wikidata,"[""Generosity""]",model,unreviewed,find,,
ea731788-96cc-5eb2-b0d7-c4cec265661a,The Audacity of Hope,Barack Obama,2006,English,metadata,Senator Obama's vision of how we can move beyond our divisions to tackle concrete problems.,https://books.google.com/books/content?id=0gCIRThk-KUC&printsec=frontcover&img=1&zoom=1&edge=curl&source=gbs_api,Crown Publishing Group,,,OL15834647W,wikidata,"[""Hope and despair"", ""Hard work""]",model,unreviewed,find,,
a9f10832-270b-53a2-94b9-7b749d302440,Clash of Empires,Ben Kane,2019,English,guessed,"CAN GREECE RESIST THE MIGHT OF ROME? Get ready for the climax of the Roman invasion of Greece in Sunday Times bestseller Ben Kane's latest historical adventure. ONE FINAL CLASH Reeling from his defeat at the hands of the Macedonians, Rome's furious General Flamininus gathers his legions for the final strike on King Philip's mighty phalanx. AN EMPIRE ON THE EDGE Both leaders know the victor will rule Greece, and both armies will do everything in their power to claim the ultimate prize. TWO HEROES PREPARED TO DIE Fighting on opposing sides, Felix and Demetrios think they have survived the worst of the campaign. But between vicious infighting, unruly locals, and intense battle, both will be tested as the final showdown between two great civilisations begins . . . THE FALLING SWORD is the gripping follow-up to CLASH OF EMPIRES from Ben Kane, the master of historical fiction - for fans of Simon Scarrow, Harry Sidebottom, Conn Iggulden and Bernard Cornwell. Praise for Ben Kane's CLASH OF EMPIRES: 'A triumph!' Harry Sidebottom 'Exceptional' Anthony Riches 'Fans of battle-heavy historical fiction will, justly, adore Clash of Empires' The Times",https://covers.openlibrary.org/b/id/8801744-L.jpg,,,,,ol_author,"[""Resistance and struggle""]",model,unreviewed,find,,
d47c903e-266c-584a-aee7-7e9811780eee,Clouds of War,Ben Kane,2014,English,guessed,"213 BC. Syracuse. Under the merciless Sicilian sun, a city is at war. Outside the walls, a vast Roman army waits. Yet the city’s incredible defences, designed by Archimedes, mean that Syracuse will not be taken easily. A veteran of the bitter war since its beginning, Quintus is ready to give his life in the service of the Republic. But dangers face him from within his own ranks as well as from the enemy – who include his former friend, the Carthaginian, Hanno. Hanno has been sent by his general Hannibal to aid Syracuse in its fight against Rome. Pledged to bring death to all Romans, he is diverted from his mission by the discovery of Quintus’ sister Aurelia, a captive within the city. Two friends on opposing sides. A woman caught between them. They are about to meet in one of the most brutal sieges of all time. Who will survive?",https://covers.openlibrary.org/b/id/10711067-L.jpg,,,,,ol_author,"[""Bad governance""]",model,unreviewed,find,,
1a4c8792-32d3-52fb-83d9-032dc34dfff0,Eagles at war,Ben Kane,2015,English,guessed,"In the summer of 9 CE, Publius Varus, the Roman governor of Germania, and Lucius Tullus, a centurion garrisoned on the Rhine, march east with three legions. As they prepare to return to their winter quarters, they are lured off the road and ambushed by German warriors. The Germans are led by Arminius, a chieftain who is a trusted ally of Rome - and a man who has been secretly planning to betray the empire since childhood. Trapping Varus' legionaries between a hillside and a marsh, and thereby preventing them from forming up or using their artillery, Arminius and his warriors wreak a terrible slaughter. The Roman defeat is overwhelming, but it is not until the third day of the massacre that the scale of Arminius' victory becomes clear. Three legions, upwards of fourteen thousand men have been annihilated, and three treasured Eagle standards have been lost. Just a few hundred legionaries, including Tullus, manage to escape. Nor is the survivors' ordeal over. Pursued to the last Roman fort east of the Rhine, they are besieged by thousands of bloodthirsty tribesmen. Only the gods can save them now ...",https://covers.openlibrary.org/b/id/10195404-L.jpg,,,,,ol_author,[],no_confident_theme,unreviewed,find,,
4e959767-a8d7-5e92-baca-164040bbf31e,Eagles in the storm,Ben Kane,2017,English,guessed,"AD 15. The German chieftain Arminius has been defeated, one of the lost Roman eagles recovered, and thousands of German tribesmen slain. Yet these successes aren't nearly enough for senior centurion Lucius Tullus. Not until Arminius is dead, his old legion's eagle found and the enemy tribes completely vanquished will he rest. But Arminius - devious, fearless - is burning for revenge of his own. Charismatic as ever, he raises another large tribal army, which will harry the Romans the length and breadth of the land. Soon Tullus finds himself in a cauldron of bloodshed, treachery and danger. His mission to retrieve his legion's eagle will be his most perilous yet ...",https://covers.openlibrary.org/b/id/10159176-L.jpg,,,,,ol_author,"[""Environmental conservation""]",model,unreviewed,find,,
ecccd084-2ee2-5479-863d-5b64344eadc7,Enemy of Rome,Ben Kane,2011,English,guessed,"In the First Punic War, the Roman legions defeated and humiliated Carthage, their only serious rival for power in the Mediterranean. Now a brilliant young Carthaginian general, called Hannibal, is out for revenge. Caught up in the maelstrom are two young boys, Hanno, the son of a distinguished soldier and confidant of Hannibal, and Quintus, son of a Roman equestrian and landowner. A disastrous adventure will see Hanno sold into slavery and bought by Quintus' father. Although an unexpected friendship springs up between the two boys - and with Quintus' sister, Aurelia - the fortunes of the two warring empires once again separates them. They find themselves on opposite sides of the conflict and an alliance forged through slavery will be played out to its stunning conclusion in battle.",https://covers.openlibrary.org/b/id/8231916-L.jpg,,,,,ol_author,"[""Corruption and governance"", ""Bad governance"", ""Leadership and betrayal""]",model,unreviewed,find,,
18c43b0a-cd13-5a60-98fa-0ee92560fa8c,Hannibal,Ben Kane,2011,English,guessed,"The killing fields of Cannae provide the setting for one of the bloodiest battles in history. But who will triumph? Hannibal and his warrior army, or the mighty legions of Rome. By the Sunday Times bestselling author of The Forgotten Legion trilogy. Hannibal's campaign to defeat Rome continues as he marches south to confront his enemy. With him is a young soldier, Hanno. Like his general, Hanno burns to vanquish Rome. Never has the possibility seemed so likely. But a stealthy game of cat and mouse is being played as Rome's generals seek to avoid confrontation. Eventually the two armies meet under a fierce summer sun. The place is Cannae - the fields of blood. The battle will go down in history as one of the bloodiest ever fought, a battle in which Hanno knows he must fight as never before - just to stay alive.",https://covers.openlibrary.org/b/id/9015457-L.jpg,,,,,ol_author,[],no_confident_theme,unreviewed,find,,
0787487c-6c59-5100-91ae-f18b85f92423,Hunting the eagles,Ben Kane,2016,English,guessed,"Five long years have passed since the annihilation of three Roman legions in the wilds of Germania. Varus, the general who led the ill-fated army, is long dead and the bones of his 15,000 legionaries moulder in the forests. But not all the Romans were slain in the ambush. Centurion Tullus, a seasoned veteran, survived and now he lives for revenge upon the tribal chieftain Arminius, who masterminded the ambush. Tullus will stop at nothing to kill his bitterest enemy, or to recover his legion's lost Eagle.",https://covers.openlibrary.org/b/id/10133998-L.jpg,,,,,ol_author,"[""Environmental conservation""]",model,unreviewed,find,,
07a9ada6-b9c1-591a-94a4-29e48dbc55f7,Spartacus,Ben Kane,2012,English,guessed,"The mighty slave army, led by Spartacus, has carried all before it, scattering the legions of Rome. Three praetors, two consuls and one proconsul have been defeated. Spartacus seems invincible as he marches towards the Alps and freedom. But storm clouds are massing on the horizon. Crixus the Gaul defects, taking all his men with him.",https://covers.openlibrary.org/b/id/10204952-L.jpg,,,,,ol_author,[],no_confident_theme,unreviewed,find,,
106ab7d6-b072-566f-a8c4-a02a9cc8b6e1,Stormcrow,Ben Kane,2024,English,guessed,"'A star of historical fiction' WILBUR SMITH 'One of our nation's most ambitious and engaging writers' MANDA SCOTT 'Grabs you from the start and never lets you go' HARRY SIDEBOTTOM 'Exciting, immersive, and great fun' GILES KRISTIAN Neither men nor gods will stand in his way... On the east coast of Ireland thirteen-year old Finn finds the sword of a slain Norseman, and with Odin's raven watching, is given the name Stormcrow. When Finn's family is torn apart by a random act of violence, and the sword lost, he embarks on a quest for revenge with his oldest friend, the shaman Vekel. It is a path that will lead to the court of the High King of Ireland, Máel Sechnaill, and to the Norse city of Dyflin, ruled by Sigtrygg Silkbeard. Crewing on a longship, Stormcrow raids up and down the Irish coastline, seeking not just riches but vengeance for his murdered father. Against a backdrop of political alliances made and broken, battles won and lost, Stormcrow's life as a Norse raider seems certain until he meets Sigtrygg's new wife. In the eye of the storm, Stormcrow dices with death yet again. Only the gods know if he will survive. What readers are saying about Ben Kane: 'Powerful evocation of our history' ⭐⭐⭐⭐⭐ 'An engaging and exciting read' ⭐⭐⭐⭐⭐ 'Gripped me from start to finish' ⭐⭐⭐⭐⭐ 'Epic tales, gorgeous prose, non-stop action' ⭐⭐⭐⭐⭐ 'Rich in period detail and lively in narrative' ⭐⭐⭐⭐⭐",https://covers.openlibrary.org/b/id/14744283-L.jpg,,,,,ol_author,"[""Dreams and ambitions"", ""Identity crisis"", ""Good vs evil""]",model,unreviewed,find,,
ad75ca77-b5f2-51b1-a376-cd3108d5aeba,The Silver Eagle,Ben Kane,2010,English,guessed,"The second novel in the Forgotten Legion Chronicles takes Romulus, Brennus, Tarquinius and Fabiola, and places them in ever greater danger. The Forgotten Legion -- ten thousand legionaries made captive by the Parthians -- has marched to Margiana on the edge of the known world. In its midst are Romulus, Brennus and Tarquinius, all men with good reason to hate Rome. Together the trio must face the savage tribes which constantly threaten the area. But other, more treacherous enemies lurk within the ranks of the Forgotten Legion itself. When all hope is lost, the three friends' characters will be tested to the utter limit. Meanwhile in Rome, Fabiola, Romulus's twin sister, also fights to survive. Beset by enemies on all sides, she must travel to Gaul to find her lover, Caesar's right-hand man. There, tribal rebellion under the charismatic chieftain, Vercingetorix, threatens not just Caesar's route to power, but his life and the lives of all who support him.",https://covers.openlibrary.org/b/id/6298149-L.jpg,,,,,ol_author,[],no_confident_theme,unreviewed,find,,
c9b9ef9b-bd37-5fde-8f60-28a6a1b4fa4b,The Silver Eagle A Novel Of The Forgotten Legion,Ben Kane,2011,English,guessed,"The second novel in the Forgotten Legion Chronicles takes Romulus, Brennus, Tarquinius and Fabiola, and places them in ever greater danger. The Forgotten Legion -- ten thousand legionaries made captive by the Parthians -- has marched to Margiana on the edge of the known world. In its midst are Romulus, Brennus and Tarquinius, all men with good reason to hate Rome. Together the trio must face the savage tribes which constantly threaten the area. But other, more treacherous enemies lurk within the ranks of the Forgotten Legion itself. When all hope is lost, the three friends' characters will be tested to the utter limit. Meanwhile in Rome, Fabiola, Romulus's twin sister, also fights to survive. Beset by enemies on all sides, she must travel to Gaul to find her lover, Caesar's right-hand man. There, tribal rebellion under the charismatic chieftain, Vercingetorix, threatens not just Caesar's route to power, but his life and the lives of all who support him.",https://covers.openlibrary.org/b/id/7806253-L.jpg,,,,,ol_author,[],no_confident_theme,unreviewed,find,,
2b5168d7-29c1-5b95-9999-37a823cc4b61,The forgotten legion,Ben Kane,2008,English,guessed,"""Tarquinius is an Etruscan, a warrior and soothsayer, born enemy of Rome, but doomed to fight for the Republic in the Forgotten Legion."" ""Brennus is a Gaul; the Romans killed his entire family. He rises to become one of the most famous and feared gladiators of his day - and mentor to the boy slave, Romulus, who dreams night and day of escape and revenge."" ""Romulus and Fabiola are twins, born into slavery after their mother is raped by a drunken nobleman. At thirteen years old they are sold: Romulus to gladiator school, Fabiola into prostitution, where she will catch the eye of one of the most powerful men in Rome."" ""The lives of these four characters are bound and interwoven in this marvellous story, which begins in a Rome riven by corruption, violence and political enmities, but ends far away, at the very border of the known world, where Romulus, Brennus and Tarquinius find themselves fighting against the Parthians and impossible odds.""--Jacket.",https://covers.openlibrary.org/b/id/10312957-L.jpg,,,,,ol_author,"[""Leadership and betrayal""]",model,unreviewed,find,,
592d46a3-f15c-5af1-9d44-bb693e1b3fd9,To stir the heart,Bessie Head,,English,guessed,Love and hope are the powerful provocateurs in four stories by two great African writers.,https://covers.openlibrary.org/b/id/7901640-L.jpg,,,,,ol_subject_kenya_fiction,"[""Love and heartbreak""]",model,unreviewed,find,,
fbc8238e-9f71-591d-97bc-6ef626d82e6e,"Decolonization and Independence in Kenya, 1940-93",Bethwell A. Ogot,1995,English,guessed,"This is a sharply observed assessment of the history of the last half century by a distinguished group of historians of Kenya. At the same time the book is a courageous reflection in the dilemmas of African nationhood. Professor B. A. Ogot says: ""The main purpose of the book is to show that decolonization does not only mean the transfer of alien power to sovereign nationhood; it must also entail the liberation of the worlds of spirit and culture, as well as economics and politics. ""The book also raises a more fundamental question, that is: How much independence is available to any state, national economy or culture in today's world? It asks how far are Africa's miseries linked to the colonial past and to the process of decolonization? ""In particular the book raises the basic question of how far Kenya is avoidably neo-colonial? And what does neo-colonial dependence mean? The book answers these questions by discussing the dynamic between the politics of decolonization, the social history of class formation and the economics of dependence. The book ends with a provocative epilogue discussing the transformation of the post-colonial state from a single-party to a multi-party system.""",https://books.google.com/books/content?id=AmFVjigwkxwC&printsec=frontcover&img=1&zoom=1&edge=curl&source=gbs_api,,,,,ol_author,"[""Post-independence struggles"", ""Land and displacement"", ""Oppression""]",model,unreviewed,find,,
c981df91-5b4d-52a0-b8e4-25314a6ef421,Kenya,Bethwell A. Ogot,2000,English,guessed,"While Allan Ogot's circuits of influence have been very wide, and while he has participated in conferences and forums around the world, he has never yielded his intellectual and personal anchorage in Kenya - though he has had numerous opportunities to accept distinguished chairs overseas. Extraordinarily, Allan Ogot has sustained his incredible level of service and scholarship through shifting and challenging conditions within Kenya and within Africa, navigating changing economic and political circumstances. His steady hand and persistent commitment to the highest ideals of scholarly engagement and community provide remarkable model for all who are dedicating themselves and will dedicate themselves to Africanist scholarship. This autobiography provides a commentary on the history of Kenya as seen through Allan Ogot's life experiences.",https://books.google.com/books/content?id=z-UUUIZ5wTYC&printsec=frontcover&img=1&zoom=1&edge=curl&source=gbs_api,,,,,ol_author,"[""Bad governance""]",model,unreviewed,find,,
84ed9c72-3e76-527c-8b85-cf9a36a7e438,Algún día escribiré sobre África,Binyavanga Wainaina,2013,,,,https://covers.openlibrary.org/b/id/12333052-L.jpg,,,,/works/OL26386014W,ol_author,[],insufficient_text,unreviewed,find,,
f17a3bb1-9cba-5d87-974c-1ed5c818f9fa,Beyond the River Yei,Binyavanga Wainaina,2004,English,guessed,,https://books.google.com/books/content?id=VdUDAQAAIAAJ&printsec=frontcover&img=1&zoom=1&source=gbs_api,,,,/works/OL5783088W,ol_author,[],insufficient_text,unreviewed,find,,
5bf2f0ba-c195-5901-bb12-496fac4a20af,Discovering home,Binyavanga Wainaina,2003,English,guessed,"This third edition of stories from the Caine Prize for African Writing includes works by writers from Nigeria, Kenya, Zimbabwe and South Africa, most of whom have never before been published.",https://covers.openlibrary.org/b/id/743098-L.jpg,,,,,ol_author,[],no_confident_theme,unreviewed,find,,
566c3d8b-289d-5e59-b8bc-e03a44882ae3,How to Write About Africa,Binyavanga Wainaina,2023,English,metadata,"From one of Africa’s most influential and eloquent essayists, a posthumous collection that highlights his biting satire and subversive wisdom on topics from travel to cultural identity to sexuality “A fierce literary talent . . . [Wainaina] shines a light on his continent without cliché.”—The Guardian “Africa is the only continent you can love—take advantage of this. . . . Africa is to be pitied, worshipped, or dominated. Whichever angle you take, be sure to leave the strong impression that without your intervention and your important book, Africa is doomed.” Binyavanga Wainaina was a pioneering voice in African literature, an award-winning memoirist and essayist remembered as one of the greatest chroniclers of contemporary African life. This groundbreaking collection brings together, for the first time, Wainaina’s pioneering writing on the African continent, including many of his most critically acclaimed pieces, such as the viral satirical sensation “How to Write About Africa.” Working fearlessly across a range of topics—from politics to international aid, cultural heritage, and redefined sexuality—he describes the modern world with sensual, emotional, and psychological detail, giving us a full-color view of his home country and continent. These works present the portrait of a giant in African literature who left a tremendous legacy.",https://books.google.com/books/content?id=2iH0EAAAQBAJ&printsec=frontcover&img=1&zoom=1&edge=curl&source=gbs_api,,,,OL27408746W,wikidata,"[""Indigenous knowledge"", ""Power of language"", ""Language and identity""]",model,unreviewed,find,,
04a3ce87-3680-524f-8cb6-48513bc767c1,Kwani?,Binyavanga Wainaina,2003,English,guessed,"Following and keeping close to the great tradition set by its three predecessors, Kwani? 4 presents a wail of new voices in literary concert with the not so new. The now established talents- Binyavanga Wainaina, Muthoni Garland, Doreen Baingana- share these pages with the fast risers: Billy Kahora, Mukoma wa Ngugi and Shalini Gidoomal. And Kwani? 4 has delved deeper into the all those spaces where the Kenyan story lives: the street corners, the neighbourhood pubs, the in-between semi rural places where the clash of cultures- the traditional versus the modern- continues to redefine the social roles of the individual, dismantle patriarchal constructs and still retain the pithy wit and the devices of ancient orature that time and the ritual of the communal fireside have honed. Still, as though in ridicule of such notions of Africa as being the continent on the lee side of the Digital Divide, Kwani? 4 reaches into the burgeoning realms of the Kenyan blogosphere to bring such politically aware, borderline intellectual and only-two-degrees-shy-of-rebellious voices bringing a fresh look at the old themes of politics, slices of life and religion and placing them alongside such taboo subjects as sex beyond the hetero-normative ideal. Kwani? 4 is established in Africa as the space for cutting-edge new fiction, mind provoking non fiction and photo-essays and witty graphic narratives.",https://covers.openlibrary.org/b/id/1056090-L.jpg,,,,,ol_author,"[""Folklore and oral traditions"", ""Cultural heritage"", ""Power of language""]",model,unreviewed,find,,
06b77755-dc64-53c5-b69a-80cbb6dd0c22,Kwani? 02,Binyavanga Wainaina,2007,English,guessed,"From the critical and commercial success of Kwani? 01 came the next edition, kwani? 02, in 2004. This edition features contemporary literary Kenyan concerns themed on the question of identity. Building on the first issue, kwani? 02 offers all that kwani? 01 did and mirrors the post-millennial angst of young Kenyan writers, poets, cartoonists and photographers. Once again, kwani? featured in the Caine Prize for African writing 2004 when Parselelo Kantaiís Comrade Lemma and the Black Jerusalem Boys Bandwas runner up. Uwem Akpanís An Xmas Feast has since been re-worked and published in the New Yorker magazine ñ the first time an African writer has been featured in that prestigious magazine.",https://covers.openlibrary.org/b/id/2727454-L.jpg,,,,,ol_author,"[""Identity crisis""]",model,unreviewed,find,,
0b77f0c5-e63c-563a-aa24-26e2d41d7df6,Kwani? 1 (Kwani?),Binyavanga Wainaina,2005,English,guessed,"Kwani? is arguably Africa's most exciting and varied literary initiative of recent years. Describing itself as ?a magazine of ideas, [that] seeks to entertain, provoke and create?, Kwani commissions and publishes stories, poetry, art and photography ?from all around the African continent and the diaspora'. Kwani 03 considers itself to be ?by far the most complete issue...published?, declaring that it reflects ?another Kenya growing out of [the] ashes [that] has learnt to need nobody; to be competitive and creative. It speaks Sheng. It is the Kenya we are waiting for'. This volume features the writing of Ed Pavlic, Billy Kahora, Mukoma Ngugi, Charles Mungoshi and M.G. Vassanji. It includes cartoons and photographs, and poetry and interviews in Sheng, a Swahili-based patois spoken in East Africa. Sheng is a rapidly evolving and dynamic language finding particular use among East African hip hop artists, such as Nonini, whose music has inspired the contributors of this volume. Members of the Kalamashaka trio, the pioneers of Swahili rap, also contribute poems to this section.",https://books.google.com/books/content?id=VOIJ-SbXZkQC&printsec=frontcover&img=1&zoom=1&edge=curl&source=gbs_api,,,,,ol_author,[],no_confident_theme,unreviewed,find,,
d138695b-2398-5cfe-97fd-4efe62ee9640,Nguva Na Nyoka,Binyavanga Wainaina,2014,Kiswahili,guessed,,https://books.google.com/books/content?id=8gv0rQEACAAJ&printsec=frontcover&img=1&zoom=1&source=gbs_api,,,,/works/OL35280864W,ol_author,[],insufficient_text,unreviewed,find,,
c6b4e757-61c2-5e71-a28e-8c351cb1a35a,One day I will write about this place,Binyavanga Wainaina,2011,English,guessed,"In this memoir, Wainaina takes us through his school days, his mother's religious period, his failed attempt to study commerce in South Africa, a moving family reunion in Uganda, and his travels around Kenya.",https://covers.openlibrary.org/b/id/9826987-L.jpg,,,,,ol_author,"[""Migration and diaspora"", ""Education and opportunity"", ""Loneliness and isolation""]",model,unreviewed,find,,
e85239a9-0c68-5276-a465-8687b2cf8bc1,The New Harvest: Agricultural Innovation in Africa,Calestous Juma,2011,English,guessed,"African agriculture is currently at a crossroads, at which persistent food shortages are compounded by threats from climate change. But, as this book argues, Africa faces three major opportunities that can transform its agriculture into a force for economic growth: advances in science and technology; the creation of regional markets; and the emergence of a new crop of entrepreneurial leaders dedicated to the continent's economic improvement. Filled with case studies from within Africa and success stories from developing nations around the world, The New Harvest outlines the policies and institutional changes necessary to promote agricultural innovation across the African continent. Incorporating research from academia, government, civil society, and private industry, the book suggests multiple ways that individual African countries can work together at the regional level to develop local knowledge and resources, harness technological innovation, encourage entrepreneurship, increase agricultural output, create markets, and improve infrastructure.",https://books.google.com/books/content?id=1rRoAgAAQBAJ&printsec=frontcover&img=1&zoom=1&edge=curl&source=gbs_api,,,,,wikidata,"[""Agriculture and food security"", ""Resource exploitation""]",model,unreviewed,find,,
bc780a73-d403-58ce-b3cb-c0a28a5a86cd,Confessions of an AIDS victim,Carolyne Adalla,1993,English,guessed,"A young intelligent and beautiful woman learns with shock that she is HIV positive. She cannot go ahead with her plans to study in the USA, and she has to adjust to thinking as somebody at the end of her life. The novel takes the form of a long revelatory letter to her closest woman friend, both moving and factually revealing about Aids and the young woman's life.",https://covers.openlibrary.org/b/id/8052538-L.jpg,,,,,ol_author,"[""Honesty vs dishonesty"", ""Truth and deception"", ""Hope and despair""]",model,unreviewed,find,,
834951d9-e2f2-5a5a-bd46-760da6a2fd1a,Hukumu,Chacha Nyaigotti Chacha,1992,English,guessed,First English literary translation of Abdilatif Abdalla's influential Voice of Agony,https://books.google.com/books/content?id=7fHnEAAAQBAJ&printsec=frontcover&img=1&zoom=1&edge=curl&source=gbs_api,,,,,ol_author,"[""Love and heartbreak"", ""Trauma and healing"", ""Folklore and oral traditions""]",model,unreviewed,find,,
6c15d11a-4d84-5995-97b4-64a6ab9a4a42,Mke mwenza,Chacha Nyaigotti Chacha,1982,,,,https://books.google.com/books/content?id=a3RwSgkNpxYC&printsec=frontcover&img=1&zoom=1&edge=curl&source=gbs_api,,,,/works/OL3450262W,ol_author,[],insufficient_text,unreviewed,find,,
43cbe248-2da2-5196-af28-7eb73f2d254e,The position of Kiswahili in Kenya,Chacha Nyaigotti Chacha,1981,English,guessed,,https://books.google.com/books/content?id=pxAkAQAAMAAJ&printsec=frontcover&img=1&zoom=1&source=gbs_api,,,,/works/OL31932423W,ol_author,[],insufficient_text,unreviewed,find,,
143bb700-d098-552e-973d-f1d0e31e5918,Ushairi wa Abdilatif Abdalla,Chacha Nyaigotti Chacha,1992,English,guessed,A literary critique of the poetry of Abdilatif Abdalla.,https://books.google.com/books/content?id=7fHnEAAAQBAJ&printsec=frontcover&img=1&zoom=1&edge=curl&source=gbs_api,,,,,ol_author,[],insufficient_text,unreviewed,find,,
ea81d691-2a1e-54a2-b4f1-9b5de842c2bd,Wingi jeusi,Chacha Nyaigotti Chacha,1987,,,,,,,,/works/OL3450264W,ol_author,[],insufficient_text,unreviewed,find,,
6f2d3756-04bf-5620-8cfe-b57aa9b9b9de,Daughter of Mumbi,Charity Waciuma,1969,English,guessed,,,,,,/works/OL6932135W,ol_author,[],insufficient_text,unreviewed,find,,
0045d5d6-f082-5241-83ec-c14011ba14ef,Merry-making,Charity Waciuma,1972,,,,https://books.google.com/books/content?id=Gh0kAQAAIAAJ&printsec=frontcover&img=1&zoom=1&source=gbs_api,,,,/works/OL6932137W,ol_author,[],insufficient_text,unreviewed,find,,
712ef2e1-21c0-5f05-ac5b-8d9b163da37e,"Mweru, the ostrich girl",Charity Waciuma,1966,English,guessed,"The story of a young girl tricked into thinking she is the daughter of ostriches, relating her subsequent adventures, eventual return to her clan, and her marriage to a wealthy warrior.",https://books.google.com/books/content?id=ZFThAAAAMAAJ&printsec=frontcover&img=1&zoom=1&source=gbs_api,,,,,ol_author,[],no_confident_theme,unreviewed,find,,
74ac73f2-7237-5352-a6c6-e63de922c89e,The golden feather,Charity Waciuma,1966,English,guessed,,,,,,/works/OL6932136W,ol_author,[],insufficient_text,unreviewed,find,,
16104a7a-94e1-54d7-87a0-0d37f5b6cc0c,Who's calling?,Charity Waciuma,1972,,,,https://books.google.com/books/content?id=Gh0kAQAAIAAJ&printsec=frontcover&img=1&zoom=1&source=gbs_api,,,,/works/OL6932139W,ol_author,[],insufficient_text,unreviewed,find,,
c64b5043-fc36-501e-9b39-aa1fcbad1320,A tail in the mouth,Charles Mangua,1972,English,guessed,,https://covers.openlibrary.org/b/id/14892769-L.jpg,,,,/works/OL19472962W,ol_author,[],insufficient_text,unreviewed,find,,
a9887a18-c1de-5cd7-8806-ded74aaafb3e,Kanina and I,Charles Mangua,1994,English,guessed,,https://books.google.com/books/content?id=hD0gAQAAIAAJ&printsec=frontcover&img=1&zoom=1&source=gbs_api,,,,/works/OL13492952W,ol_author,[],insufficient_text,unreviewed,find,,
1fe24f86-e6af-5c47-b797-a11e5c48cce2,Kenyatta's jiggers,Charles Mangua,2000,English,guessed,"This novel is by the author of the celebrated My Life in Crime and is his first. The life of the 'Son of Fate' is a grim struggle for survival, after his release from prison. He tries his luck at farming, and odd jobs in the city, but everything fails, and he finds himself on the wrong side of the law again. But a glimmer of hope comes when he rescues a tycoon.",https://books.google.com/books/content?id=tABHEAAAQBAJ&printsec=frontcover&img=1&zoom=1&edge=curl&source=gbs_api,,,,,ol_author,"[""Fate and free will""]",model,unreviewed,find,,
ff872bb6-2961-505d-a9ed-8651d86b4ad4,Son of Woman,Charles Mangua,1971,English,guessed,"An instant success and bestseller in Kenya, which ran into 6 reprints, this prize-winning novel marked the beginning of popular literature in Kenya. Mangua's novel is a fictional, autobiographical account of the son of a prostitute. The male narrator describes his life as the orphan of a prostitute in the slums of Nairobi, a young man frequenting bars and brothels, a student, corrupt civil servant and seasonal convict. His is a humorous and cynical account revealing much about the unsavoury aspects of a world experiencing rapid social change. Charles Mangua is a prolific writer of popular literature, and author of three other novels, Son of Woman in Mombasa (the sequel to Son of Woman), A Tail in the Mouth, and Kanina and I.",https://books.google.com/books/content?id=EMFV7jBM3o0C&printsec=frontcover&img=1&zoom=1&edge=curl&source=gbs_api,,,,,wikidata,[],no_confident_theme,unreviewed,find,,
dd5f4c34-e434-5847-a9bc-8dd4ed81ea44,Son of woman in Mombasa,Charles Mangua,1986,English,guessed,"A sequel to the bestselling The Son of Woman, written in Mangua's now familiar engaging, cynical and humorous style. In this novel, the Son of Woman has come out of jail amd moved to Mombasa to start afresh. He is a fully fledged thirty-something, and a married grown- up. He is unemployed and operating as a blackmarketeer; but in any case, soon expects to find a job as a Member of Parliament. A satirical and fictional portrayal of the African male, living in a world of rapid social change and transition to some kind of modernity. Charles Mangua is a bestselling popular fiction writer in Kenya, who has penned other novels: Kanina and I and A Tail in the Mouth.",https://books.google.com/books/content?id=3AUMi7DpivIC&printsec=frontcover&img=1&zoom=1&edge=curl&source=gbs_api,,,,,ol_author,"[""Parent-child relationships"", ""Marriage and relationships"", ""Conflict in families""]",model,unreviewed,find,,
5c4a097e-818e-5478-b5c1-f136acfe710d,tail in the mouth.,Charles Mangua,1972,English,guessed,,https://books.google.com/books/content?id=pBHdxNpLoVcC&printsec=frontcover&img=1&zoom=1&edge=curl&source=gbs_api,,,,/works/OL9213972W,ol_author,[],insufficient_text,unreviewed,find,,
71fdac54-d57c-5884-8dcd-b0b8dca381bc,African Short Stories,Chinua Achebe,1985,English,guessed,A collection of stories by African writers which deal with life and customs in African society.,https://covers.openlibrary.org/b/id/14597051-L.jpg,,,,,ol_author,"[""Indigenous knowledge"", ""Folklore and oral traditions"", ""Language and identity""]",model,unreviewed,find,,
7865ecb8-b861-5bfb-ab82-78cb2047f41a,Gambling With Destiny,Daniel Kamau,2003,English,guessed,"Destiny, daughter to the American ambassador to Kenya disappears. Behind the crime is Umoja. Moses treks through the jungles of Africa with Destiny, pursued by murderous Umoja loyalists. Can he save Destiny, and free his nation from Umoja's grip?",https://covers.openlibrary.org/b/id/2763153-L.jpg,,,,,ol_author,"[""Fate and free will""]",model,unreviewed,find,,
2e1d1613-d5cf-5753-8d06-fea53bfe7793,Equatorial Assignment,David Maillu,,,,,https://books.google.com/books/content?id=hi-AAAAACAAJ&printsec=frontcover&img=1&zoom=1&source=gbs_api,,,,/works/OL9532357W,ol_author,[],insufficient_text,unreviewed,find,,
008a1312-5867-5dc6-af92-b6b0c396899c,Without kiinua mgongo,David Maillu,1989,Sheng,metadata,"In the African context, there exists the 'myth' that orality means tradition. Written and oral verbal art are often regarded as dichotomies, one excluding the other. While orature is confused with 'tradition', literature is ascribed to modernity. Furthermore, local languages are ignored and literature is equated with writing in foreign languages. The contributions in this volume take issue with such preconceptions and explore the multiple ways in which literary and oral forms interrelate and subvert each other, giving birth to new forms of artistic expression. They emphasize the local agency of the African poet and writer, which resists the global commodification of literature through the international bestseller lists of the cultural industry. The first section traces the movement from oral to written texts, which in many cases coincides with a switch from African to European languages. But as the essays in the section on ""New Literary Languages"" make clear, in other cases a true philological work is accomplished in the African language to create a new written and literary medium. Through the mixing of languages in the cities, such as the Sheng spoken in Kenya or the bilinguality of a writer such as Cheik Aliou Ndao (Senegal), new idioms for literary expressions evolve. The use of new media, technology or music stimulate the emergence of new genres, such as Taarab in East Africa, radio poetry in Yoruba and Hausa, or Rap in the Senegal, as is shown in the section on ""Forms of New Orality."" It is a great achievement of this second volume of Versions and Subversions in African Literatures that it assembles contributions by scholars from the anglophone and the francophone world and that it covers literary production in a broad spectrum of languages: English, French, Hausa, Sheng, Sotho, Spanish, Swahili, Wolof and Yoruba. Some of the authors and cultural practitioners treated in detail are: Mobolaij Adenubi, Birago Diop, Boubacar Boris Diop, David Maillu, Thomas Mofolo, Cheik Aliou Ndao, Donato Ndongo-Bidyogo, Hubert Ogunde, Shaaban Robert, Wole Soyinka, Ibrahim YaroYahaya, and Sénouvo Agbota Zinsou.",https://books.google.com/books/content?id=bdKeoiwpWc4C&printsec=frontcover&img=1&zoom=1&edge=curl&source=gbs_api,,,,OL1785981W,wikidata,"[""Folklore and oral traditions""]",model,unreviewed,find,,
00a44181-601b-5d71-a576-61de26faa96a,Clean hands,David Mulwa,2000,,,,https://books.google.com/books/content?id=dkEgAQAAIAAJ&printsec=frontcover&img=1&zoom=1&source=gbs_api,,,,/works/OL4272053W,ol_author,[],insufficient_text,unreviewed,find,,
98e94bde-16e9-5a50-a86c-6532c7dbbf21,Daraja,David Mulwa,1986,,,,https://books.google.com/books/content?id=ctAyAAAAIAAJ&printsec=frontcover&img=1&zoom=1&source=gbs_api,,,,/works/OL38795414W,ol_author,[],insufficient_text,unreviewed,find,,
2c152174-f2da-5b71-90bc-f1fcf9303ab3,"Flee, mama flee",David Mulwa,2014,,,,,,,,/works/OL23247247W,ol_author,[],insufficient_text,unreviewed,find,,
7b199ded-50e0-554a-85db-254fd60a3b7b,Glasshouses,David Mulwa,2000,,,,https://books.google.com/books/content?id=i0EgAQAAIAAJ&printsec=frontcover&img=1&zoom=1&source=gbs_api,,,,/works/OL4272054W,ol_author,[],insufficient_text,unreviewed,find,,
7dd7f6b5-7f05-5c3c-9330-742212c8b3e9,Inheritance,David Mulwa,2004,,,,https://covers.openlibrary.org/b/id/4265808-L.jpg,,,,/works/OL4272055W,ol_author,[],insufficient_text,unreviewed,find,,
ff0ad8d7-becf-5bcc-bb6e-e6ae61bb1d70,"Katende says ""No""",David Mulwa,2007,,,,https://books.google.com/books/content?id=ARRQfNgaPvsC&printsec=frontcover&img=1&zoom=1&source=gbs_api,,,,/works/OL18682181W,ol_author,[],insufficient_text,unreviewed,find,,
3440ddb6-ad4e-5bcb-88f4-c4b870295dc2,Master and Servant,David Mulwa,1987,English,guessed,"The Rough Guide to Kenya is the ultimate guide to East Africa's best-known destination. Features include: a full-colour section introducing Kenya's highlights; practical advice on getting the most out of Kenya, from the well-known safari parks to the little known reserves, and the highlands, lakes and deserts to downtown Nairobi and the Indian Ocean; detailed reviews of accommodation and eating options to suit every taste and budget, including luxury lodges and local restaurants; candid coverage of Kenya's history, politics, culture and environment; and maps and plans for every region.",https://covers.openlibrary.org/b/id/4684470-L.jpg,,,,,ol_author,"[""Urban vs rural life"", ""Environmental conservation""]",model,unreviewed,find,,
d474ee4c-da14-5470-a4c3-bc1e6017aea2,Mkimbizi,David Mulwa,1988,English,guessed,"Outline of Swahili Literature is a major study and reference guide of modern prose and drama in Swahili -- one of the largest languages of sub-Saharan Africa. This second edition of the eponymous study first published in 1989, is extensively revised and enlarged. It contains new and updated information, mapping trends and writers. In addition, the book contains a resourceful bio-bibliographical index of modern Swahili writers and an annotated bibliography of all known works in Swahili modern prose and drama published from the late 1950s up to 2008.",https://books.google.com/books/content?id=1YYLAQAAMAAJ&printsec=frontcover&img=1&zoom=1&source=gbs_api,,,,,ol_author,[],no_confident_theme,unreviewed,find,,
99bf10ad-fce8-5859-84e7-819fcd47a592,Redemption,David Mulwa,1990,,,,https://books.google.com/books/content?id=2dVHAAAAYAAJ&printsec=frontcover&img=1&zoom=1&source=gbs_api,,,,/works/OL4272058W,ol_author,[],insufficient_text,unreviewed,find,,
50f4b30b-abda-5617-a811-42e1e93c8680,We come in peace,David Mulwa,2011,English,guessed,,https://books.google.com/books/content?id=LqVDAQAAMAAJ&printsec=frontcover&img=1&zoom=1&source=gbs_api,,,,/works/OL16169421W,ol_author,[],insufficient_text,unreviewed,find,,
cdb8e7fb-d2e6-5b86-a6ba-874757b26b5a,Work,Donald Ray Pollock,2010,English,guessed,"""More engaging than any new fiction in years."" —Chuck Palahniuk An unforgettable work of fiction that peers into the soul of a tough Midwestern American town to reveal the sad, stunted but resilient lives of its residents. Knockemstiff is a genuine entry into the literature of place. Spanning a period from the mid-sixties to the late nineties, the linked stories that comprise Knockemstiff feature a cast of recurring characters who are irresistibly, undeniably real. A father pumps his son full of steroids so he can vicariously relive his days as a perpetual runner-up body builder. A psychotic rural recluse comes upon two siblings committing incest and feels compelled to take action. Donald Ray Pollock presents his characters and the sordid goings-on with a stern intelligence, a bracing absence of value judgments, and a refreshingly dark sense of bottom-dog humor.",https://covers.openlibrary.org/b/id/7795237-L.jpg,,,,,ol_author,"[""Laziness"", ""Urbanization"", ""Good vs evil""]",model,unreviewed,find,,
1867acfb-88f8-51d9-995a-55f22defa527,A Day of Fire,E Knight,2014,English,guessed,"From six bestselling authors, including New York Times bestseller Kate Quinn, comes a vividly imagined novel following the lives of those in ancient Pompeii on the fateful day Mount Vesuvius erupts. Pompeii was a lively resort flourishing in the shadow of Mount Vesuvius at the height of the Roman Empire. When Vesuvius erupted in an explosion of flame and ash, the entire town would be destroyed. Some of its citizens died in the chaos, some escaped the mountain’s wrath . . . and these are their stories: A boy loses his innocence in Pompeii’s flourishing streets. An heiress dreads her wedding day, not knowing it will be swallowed by fire. An ex-legionary stakes his entire future on a gladiator bout destined never to be finished. A crippled senator welcomes death, until a tomboy on horseback comes to his rescue. A young mother faces an impossible choice for her unborn child as the ash falls. A priestess and a prostitute seek redemption and resurrection as the town is buried. Six authors bring to life overlapping stories of patricians and slaves, warriors and politicians, villains and heroes who cross each other’s paths during Pompeii’s fiery end. But who will escape, and who will be buried for eternity?",https://covers.openlibrary.org/b/id/10721363-L.jpg,,,,,ol_author,[],no_confident_theme,unreviewed,find,,
e281de6d-4bf5-54ef-afd7-782580b9fd01,A man from nowhere,Elspeth Huxley,1964,English,guessed,"A portrait of the conservationalist and chronicler of colonial Kenya describes her childhood in east Africa and wartime Britain; marriage to Thomas Huxley; roles as a farmer, writer, and government advisor.",https://covers.openlibrary.org/b/id/6943148-L.jpg,,,,,ol_author,"[""Poverty"", ""Selfishness"", ""Youth and unemployment""]",model,unreviewed,find,,
580d324d-4318-5afb-b642-1d82f55300b7,Florence Nightingale,Elspeth Huxley,1975,English,guessed,"Begun in the reign of George IV and ended in that of Edward VII, her life more than spanned the whole Victorian era. ""Do you think you are improving?"" had asked the Aga Khan. She would not have hesitated for an instant in her reply. Life for the majority had improved, was improving and would continue to improve. Grieved greatly by his imperfections, she still believed in the ultimate perfectibility of man. Few of the great Victorians brought about by their personal efforts more of the material improvements of the era than Florence Nightingale. Probably in her own mind the betterment of the soldiers' lot, in sickness and in health, that she had helped to bring about would have rated highest. Next to that would have come her efforts to better the health of the peasants of India. Today she is remembered first and foremost as the founder of the nursing profession in its modern form. Her 38 ragtag-and-bobtail women, who coped with the shambles at Scutari, and the 15 young ladies introduced into St. Thomas' in 1860, were the start of one of the greatest of all services to mankind. This was her achievement, and almost hers alone. - p. 246.",https://covers.openlibrary.org/b/id/8401181-L.jpg,,,,,ol_author,"[""Laziness"", ""Mental health""]",model,unreviewed,find,,
8305ed74-68cc-55cb-aaf6-b45250f19588,Four Guineas,Elspeth Huxley,1954,,,,,,,,/works/OL56152W,ol_author,[],insufficient_text,unreviewed,find,,
2a7ce846-1205-540e-803d-e7a738424a80,Gallipot Eyes,Elspeth Huxley,1976,English,guessed,"A portrait of the conservationalist and chronicler of colonial Kenya describes her childhood in east Africa and wartime Britain; marriage to Thomas Huxley; roles as a farmer, writer, and government advisor.",https://covers.openlibrary.org/b/id/11043836-L.jpg,,,,,ol_author,[],no_confident_theme,unreviewed,find,,
f6743124-e720-5c21-b928-b3b8a064ace3,Livingstone and his African journeys,Elspeth Huxley,1974,English,guessed,,https://covers.openlibrary.org/b/id/6774878-L.jpg,,,,/works/OL56133W,ol_author,[],insufficient_text,unreviewed,find,,
b4f29524-207e-50e0-92f0-4a384763b7c7,Love among the daughters,Elspeth Huxley,1968,English,guessed,,https://covers.openlibrary.org/b/id/6943153-L.jpg,,,,/works/OL56134W,ol_author,[],insufficient_text,unreviewed,find,,
19116f29-d37e-55e9-acbb-56e6042f4b4e,Murder at Government House,Elspeth Huxley,1937,English,guessed,"When the British Colonial Governor of Chania is strangled to death in his study, the possible suspects include a wronged husband, a fiery-tempered local politician, and the members of an African secret society working against white rule. It is a tangled web forSuperintendent Vachell of the Chania CID to unravel, but fortunately he has the help of a brash young female anthropologist and a canny, snuff-taking witch doctor.",https://covers.openlibrary.org/b/id/6542129-L.jpg,,,,,ol_author,"[""Bad governance"", ""Political violence"", ""Justice and injustice""]",model,unreviewed,find,,
d8e764c7-ebc2-5776-b30b-d0a05f85c83e,Murder on Safari,Elspeth Huxley,1938,English,guessed,"Lucy, Lady Baradale, was a hated woman. She used her millions to control and bully her husband and stepdaughter, she was flagrantly unfaithful with her handsome chauffeur, and she carried a fortune in jewelry around on safari with her in a portable safe. When a choice selection of baubles goes missing, she dispatches guide/white hunter Billy de Mare to bring back Superintendent Vachell of the Chania CID. Ineptly disguised as de Mare's new assistant, Vachell barely has time to interview Lady Barradale before a ruthless and skillful murderer renders the robbery case more than a little moot.",https://covers.openlibrary.org/b/id/4972592-L.jpg,,,,,ol_author,[],no_confident_theme,unreviewed,find,,
9dd1109e-b945-50cd-8e7c-cb00729149e5,Nine Faces of Kenya,Elspeth Huxley,1990,English,guessed,"In this marvelous anthology, Elspeth Huxley, our best and most popular writer on Africa, has drawn on her unparalleled knowledge of Kenya and its literature to present a fully rounded portrait of one of the most fascinating countries in the world. In nine sections focusing on exploration, travel, settlement, war, hunting, wildlife, environment, life-styles, and legend and poetry, using only first-hand accounts, she guides the reader through the story of Kenya from AD100 to the present with her characteristic candour and directness.",https://covers.openlibrary.org/b/id/12451903-L.jpg,,,,,ol_author,[],no_confident_theme,unreviewed,find,,
3d004068-12d8-5fba-ab1e-379fdd28afc6,On the edge of the rift,Elspeth Huxley,1962,English,guessed,"In this sequel to ""The Flame of Thika"", Elspeth Huxley takes up her story after the family returns to Kenya after the First World War. Her family and friends, their home and their travels, the glorious wildlife and scenery, described in rich and loving detail, all spring to life in this enchanting book. 'She knows East Africa and she loves it...with a critical and understanding sympathy' - ""The Times"". 'What a marvellous writer...and what a Kenya it was' - ""Financial Times"".",https://covers.openlibrary.org/b/id/6547221-L.jpg,,,,,ol_author,[],no_confident_theme,unreviewed,find,,
e7950f4f-88b7-5b96-bd38-4880903390eb,Out in the Midday Sun,Elspeth Huxley,1985,English,guessed,"Huxley has recorded her memories of the years after *The Flame Trees of Thika* and *The Mottled Lizard*. Readers learn about her return to Kenya after eight years, the people and places she found, and about her visit in 1983. 8-page photo insert.",https://covers.openlibrary.org/b/id/7296844-L.jpg,,,,,ol_author,[],no_confident_theme,unreviewed,find,,
b7a574e6-b5d6-59eb-aa6e-c4a16e8d6bfc,Race and politics in Kenya,Elspeth Huxley,1944,English,guessed,,https://covers.openlibrary.org/b/id/4482165-L.jpg,,,,/works/OL56143W,ol_author,[],insufficient_text,unreviewed,find,,
53554797-2c8a-5564-a7f2-d4848317bf75,Red Strangers,Elspeth Huxley,1939,English,metadata,,https://covers.openlibrary.org/b/id/107760-L.jpg,Chatto & Windus,,,OL56150W,wikidata,[],insufficient_text,unreviewed,find,,
afd87be6-d272-5be1-8067-4f94ab070662,Scott of the Antarctic,Elspeth Huxley,1920,English,guessed,Biography of Scott based on diaries and letters of his colleagues as well as his own writings.,https://covers.openlibrary.org/b/id/4090018-L.jpg,,,,,ol_author,[],no_confident_theme,unreviewed,find,,
307e40e0-317c-5fc1-b3de-ea5dbb0f7642,The African poison murders,Elspeth Huxley,1939,English,guessed,"This mystery is set in East Africa (country not specified) just prior to World War II. It was written in the late 1930's and published in 1939. Author Huxley was brought up in this area and brings vivid and authentic description and characters to the story. Huxley is most widely known for her memoir *The Flame Trees of Thika*. The story is the third and last in a short series featuring CID Inspector Vachell. The story highlights the unrest prior to WWII, felt by both the German and English settlers in this part of colonial Africa. Inspector Vachell is brought in to investigate Nazi activities and several unsettling and gruesome local acts. Things are brought to a head when a local farmer dies. Is it murder or an unfortunate accident?",https://covers.openlibrary.org/b/id/7128341-L.jpg,,,,,ol_author,[],no_confident_theme,unreviewed,find,,
c7ecf23c-1057-5ec1-bee2-afbd576ae7ae,The flame trees of Thika,Elspeth Huxley,1959,English,guessed,"In an open cart Elspeth Huxley set off with her parents to travel to Thika in Kenya. As pioneering settlers, they built a house of grass, ate off a damask cloth spread over packing cases, and discovered—the hard way—the world of the African. With an extraordinary gift for detail and a keen sense of humor, Huxley recalls her childhood on the small farm at a time when Europeans waged their fortunes on a land that was as harsh as it was beautiful. For a young girl, it was a time of adventure and freedom, and Huxley paints an unforgettable portrait of growing up among the Masai and Kikuyu people, discovering both the beauty and the terrors of the jungle, and enduring the rugged realities of the pioneer life.",https://covers.openlibrary.org/b/id/93107-L.jpg,,,,,ol_author,"[""Environmental conservation"", ""Traditional beliefs""]",model,unreviewed,find,,
8d65aea8-be97-5b30-9487-09ff4cfa6a62,The sorcerer's apprentice,Elspeth Huxley,1948,English,guessed,,https://books.google.com/books/content?id=eg9XAAAAMAAJ&printsec=frontcover&img=1&zoom=1&source=gbs_api,,,,/works/OL56151W,ol_author,[],insufficient_text,unreviewed,find,,
cdbad0a1-5290-50dc-ad7a-6839e3e77dec,The walled city,Elspeth Huxley,1948,English,guessed,"A portrait of the conservationalist and chronicler of colonial Kenya describes her childhood in east Africa and wartime Britain; marriage to Thomas Huxley; roles as a farmer, writer, and government advisor.",https://covers.openlibrary.org/b/id/9692161-L.jpg,,,,,ol_author,"[""Urbanization""]",model,unreviewed,find,,
b9fba5b9-4845-5eaf-ab96-f23e28482857,Their shining Eldorado,Elspeth Huxley,1967,English,guessed,"P.249-51; Condition of natives (Katherine), equal pay in N.T.; p.264-8; Voting rights, education, assimilation; p.269-84; Snake Bay settlement (Tiwi), Welfare policies; Brief notes on Oenpelli rock art, dancing, didgeridoo playing, legends p.296; Namatjira; p.297-8; Ayers Rock - a religious shrine of Pitjandjaras, conception beliefs, ritual objects, circumcision; p.301-2; Pinturbi; p.3024; Settlements, missions, Welfare, education.",https://covers.openlibrary.org/b/id/6727063-L.jpg,,,,,ol_author,"[""Wealth and materialism"", ""Cultural heritage"", ""Traditional beliefs""]",model,unreviewed,find,,
2ff3b8d1-58e6-5468-a929-c3ac540df7c6,White man's country,Elspeth Huxley,1935,,,,,,,,/works/OL56153W,ol_author,[],insufficient_text,unreviewed,find,,
5658fe46-7767-571d-817e-4e7027b37de6,Betrayal in the City,Francis D. Imbuga,1976,English,metadata,"Betrayal in the City, first published in 1976 and 1977, was Kenya's national entry to the Second World Black and African Festival of Arts and Culture in Lagos, Nigeria. The play is an incisive, thought-provoking examination of the problems of independence and freedom in post-colonial African states, where a sizeable number of people feel that their future is either blank or bleak. In the words of Mosese, one of the characters: ""It was better while we waited. Now we have nothing to look forward to. We have killed our past and are busy killing our future.""--Page 4 of cover",https://books.google.com/books/content?id=bkGBUchUC9gC&printsec=frontcover&img=1&zoom=1&edge=curl&source=gbs_api,"East African Educational Publishers, Kenya",,,OL3451029W,wikidata,"[""Truth and deception"", ""Corruption and governance"", ""Honesty vs dishonesty""]",model,unreviewed,find,,
6e0da886-cfe3-5932-9ba8-2436798fa3d8,Game of silence,Francis D. Imbuga,1977,English,metadata,,https://books.google.com/books/content?id=Cjx-wdEy-1UC&printsec=frontcover&img=1&zoom=1&edge=curl&source=gbs_api,Heinemann,,,/works/OL3451024W,wikidata,[],insufficient_text,unreviewed,find,,
f2f88cef-32fb-53f0-9b1e-8430a05837b3,The Green Cross of Kafira,Francis D. Imbuga,2013,English,metadata,"In his last play published posthumously the late Francis Imbuga presents the dramatic dialogue of his characters as mind games. In addition to using a narrator, Sikia Macho, to fill us in on the broken politics of Kafira, centring around detention without trial, Imbuga deliberately delays the inciting action, the formation of the Green Party of Kafira which then challenges the hitherto political monolith called the National Party. The candidate of the new party, former detainee Pastor Mgei, wins the election, and thereby dethrones the so-called Chief of Chiefs. In The Green Cross of Kafira, Imbuga, with a renewed sense of urgency, addresses the theme of dictatorship in Africa, and completes his trilogy of the Kafira plays which begins with Betrayal in the city followed by Man of Kafira.",https://books.google.com/books/content?id=_fpWEAAAQBAJ&printsec=frontcover&img=1&zoom=1&edge=curl&source=gbs_api,,,,OL17457385W,wikidata,[],no_confident_theme,unreviewed,find,,
33f05cbf-d76c-5f4f-8643-95ec1c8aab55,Foundations of adult education in Africa,Fredrick Nafukho,2005,English,guessed,"This publication provides a historical perspective on the current educational context. It discusses the impact of the colonial past and the changing practices of the present, highlighting as it does the key concepts, information and principles in the African context. The book touches on such issues as the history of adult education in Africa, philosophy and adult education, socio-cultural, political and economic environments, opportunities and access for adult learners, gender and development in adult education, and adult education as a developing profession. It further considers the impact of information and communication technology and globalization on the policies and structures of lifelong learning.--Publisher's description.",https://covers.openlibrary.org/b/id/5224747-L.jpg,,,,,ol_author,"[""Education and opportunity"", ""Generational conflict""]",model,unreviewed,find,,
1795de48-ccc4-5f43-bfc1-f26df419eeda,"Agikuyu, Mau Mau na wiyathi =",Gakaara Wanjaũ,1971,Kiswahili,guessed,Number 6 includes cumulative main and added entry index for the monographs listed in that year.,https://books.google.com/books/content?id=-P_DuLCj37IC&printsec=frontcover&img=1&zoom=1&source=gbs_api,,,,,ol_author,[],no_confident_theme,unreviewed,find,,
7a6e6cf5-4cac-5de9-9164-583bdc80833c,Mihiriga ya Agikuyu,Gakaara Wanjaũ,1967,Kiswahili,guessed,Number 6 includes cumulative main and added entry index for the monographs listed in that year.,https://books.google.com/books/content?id=n85RgiXNhE8C&printsec=frontcover&img=1&zoom=1&source=gbs_api,,,,,ol_author,[],no_confident_theme,unreviewed,find,,
c7afebe4-10c3-5a99-86b8-4e61c0ff5064,Land Without Thunder,Grace Emily Akinyi Ogot,2001,English,metadata,The first collection of short stories from Kenya's foremost woman novelist. Twelve stories bring alive the author's feeling for the macabre and fantastic - reminiscent of the tragedy in The Promised Land.,https://books.google.com/books/content?id=yABHEAAAQBAJ&printsec=frontcover&img=1&zoom=1&edge=curl&source=gbs_api,"East African Educational Publishers, Kenya",,9966-46-588-X,,wikidata,"[""Climate and nature"", ""Land and displacement"", ""Poverty""]",model,unreviewed,find,,
88918d68-a9f6-54a8-a82c-1874f17a8d92,The Promised Land,Grace Emily Akinyi Ogot,2000,English,metadata,,https://covers.openlibrary.org/b/id/2304825-L.jpg,"East African Educational Publishers, Kenya",,,OL5350878W,wikidata,[],insufficient_text,unreviewed,find,,
5c879533-c3d9-5cb5-801a-9c2f38ff1217,The Strange Bride,Grace Emily Akinyi Ogot,,English,metadata,"Kenya’s nationalism during the colonial period was marked by two main characteristics that feature in this book. First, the struggle for independence that was mainly characterized by the claim for land that had been taken away by the colonizers. Second was the struggle for autonomy and self-determination, mainly through political resistance. The authors in this book analyse historical trajectories of Kenya's nationalism trends while highlighting the role of political leaders, large as well as small ethnic groups, perennial conflicts, community as well as religious leaders, among others. The discussions demonstrate that quest for a national identity that is inclusive at all levels – whether politically, economically, religiously and ethnically – has marked Kenya's struggle for nationalism, sometimes leading to violence, especially during election periods, national unity through political coalitions and reconciliation, as well as institutional reforms. In conclusion, the authors demonstrate that while Kenya is gradually advancing towards national cohesion, there are still many challenges yet to be surmounted.",https://books.google.com/books/content?id=MnSiDwAAQBAJ&printsec=frontcover&img=1&zoom=1&edge=curl&source=gbs_api,"East African Educational Publishers, Kenya",,,OL5350875W,wikidata,"[""Post-independence struggles"", ""Land and displacement"", ""Colonialism and resistance""]",model,unreviewed,find,,
491d7177-6330-5db5-9c21-65c16d67c173,Land without thunder,Grace Ogot,1968,English,guessed,The first collection of short stories from Kenya's foremost woman novelist. Twelve stories bring alive the author's feeling for the macabre and fantastic - reminiscent of the tragedy in The Promised Land.,https://covers.openlibrary.org/b/id/3363263-L.jpg,,,,,ol_publisher,"[""Climate and nature"", ""Land and displacement"", ""Poverty""]",model,unreviewed,find,,
06ea49b0-ca18-51be-89de-9458b291b742,Liyongo songs,Gudrun Miehe,2004,,,,https://covers.openlibrary.org/b/id/5492340-L.jpg,,,,/works/OL19283087W,ol_author,[],insufficient_text,unreviewed,find,,
227e4561-0202-5e8c-a7dc-62e1a9d02e88,"I, the Gikuyu, and the white fury",Henry Muoria,1994,English,guessed,,https://books.google.com/books/content?id=2QihzHSVNDYC&printsec=frontcover&img=1&zoom=1&edge=curl&source=gbs_api,,,,/works/OL3737744W,ol_author,[],insufficient_text,unreviewed,find,,
7615b656-2a38-526c-b869-5ddecc66d377,Writing for Kenya,Henry Muoria,2009,English,guessed,"Henry Muoria (1914-97), self-taught journalist and pamphleteer, helped to inspire Kenya's nationalisms before Mau Mau. The pamphlets reproduced here, in Gikuyu and English, contrast his own originality with the conservatism of Jomo Kenyatta, Kenya's first President. The contributing editors introduce Muoria's political context, tell how three remarkable women sustained his families' life; and remember him as father. Courageous intellectual, political, and domestic life here intertwine.",https://covers.openlibrary.org/b/id/8735966-L.jpg,,,,,ol_author,"[""Colonialism and resistance"", ""Post-independence struggles""]",model,unreviewed,find,,
d25c7265-f136-5863-ab9a-276d49924ba3,Olympic Dream,Henry Rono,2007,English,guessed,"In a span of 81 days in 1978, Henry Rono broke four world records, committing the most ferocious assault on the track-and-field record books by a middle-distance runner in the history of the sport. This is what Henry Rono is known for. However, it is not who Henry Rono is. Henry Rono was born a poor Nandi in Kenya's Rift Valley. After an accident when he was two, doctors believed he would never again walk. This would be the first of countless obstacles Rono would have to overcome in order to pursue his two life goals: to first become the greatest runner in the world and then to become the best teacher he could be. Rono's first goal was accomplished in 1978, when he was considered not only the greatest track-and-field athlete in the world, but also by many to be the world's greatest athlete period. His second and greater goal, to become a teacher, was more difficult in coming. Once Rono became a star, coaches, agents, meet directors, and corrupt Kenyan athletic officials (whose boycotts of the 1976 and 1980 Olympics turned Rono's dreams of Olympic gold into Olympic smoke rings), wanted him to serve as their personal moneymaker, and so they did everything they could to discourage Rono's pursuit of an education and dream of teaching. The corruption and discouragement Rono encountered, as well as his alienation and exile from his homeland and family, pushed him to 20 years of alcoholism and even occasional homelessness. This is the life story of Henry Rono, whose descent from triumph to abyss, and whose subsequent ascent from abyss to triumph, are perhaps steeper than those of any track-and field athlete in history.",https://books.google.com/books/content?id=dQEIonZFVZYC&printsec=frontcover&img=1&zoom=1&edge=curl&source=gbs_api,,,,,wikidata,[],no_confident_theme,unreviewed,find,,
a9214346-18db-5b77-ad87-e76f6d4c5346,Traditional medicine in Africa,Isaac Sindiga,1995,English,guessed,"The inaccessibility of biomedicine to most of Africa's population because of escalating costs has necessitated a search for alternative ways of managing illnesses. Traditional medicine, which has always been practised in the indigenous cultures, is fast filling this therapeutic gap. This book is a collection of essays based on a multidisciplinary approach to traditional medicine in Africa. It has contributions from social scientists, natural resource experts, traditional medical practitioners, educationists, and medical scholars. It attempts to define the problems of traditional medicine in Africa, while also discussing the conceptual foundations of African ethnomedicine and medical pluralism.",https://covers.openlibrary.org/b/id/2304802-L.jpg,,,,,ol_author,"[""Indigenous knowledge""]",model,unreviewed,find,,
3d0e2144-5ddd-5a8a-b773-a9df2a4c9547,Uhuru wa Watumwa,James Mbotela,,English,guessed,"Africa is a marriage of cultures: African and Asian, Islamic and Euro-Christian. Nowhere is this fusion more evident than in the formation of Swahili, Eastern Africa's lingua franca, and its cultures. Swahili Beyond the Boundaries: Literature, Language, and Identity addresses the moving frontiers of Swahili literature under the impetus of new waves of globalization in the twentieth and twenty-first centuries. These momentous changes have generated much theoretical debate on several literary fronts, as Swahili literature continues to undergo transformation in the mill of human creativity. Swahili literature is a hybrid that is being reconfigured by a conjuncture of global and local forces. As the interweaving of elements of the colonizer and the colonized, this hybrid formation provides a representation of cultural difference that is said to constitute a ""third space,"" blurring existing boundaries and calling into question established identitarian categorizations. This cultural dialectic is clearly evident in the Swahili literary experience as it has evolved in the crucible of the politics of African cultural production. However, Swahili Beyond the Boundaries demonstrates that, from the point of view of Swahili literature, while hybridity evokes endless openness on questions of home and identity, it can simultaneously put closure on specific forms of subjectivity. In the process of this contestation, a new synthesis may be emerging that is poised to subject Swahili literature to new kinds of challenges in the politics of identity, compounded by the dynamics and counterdynamics of post-Cold War globalization.",https://books.google.com/books/content?id=o063rsBCIvMC&printsec=frontcover&img=1&zoom=1&edge=curl&source=gbs_api,,,,,wikidata,"[""Religion and spirituality"", ""Marriage and relationships""]",model,unreviewed,find,,
63afddcd-26a5-527a-844e-d0982647f55c,A dictionary of the Nandi language,Jane Tapsubei Creider,2001,English,guessed,,https://covers.openlibrary.org/b/id/9921065-L.jpg,,,,/works/OL3987065W,ol_author,[],insufficient_text,unreviewed,find,,
fd4754a4-444e-5390-b2f8-06dc74b20c7e,The shrunken dream,Jane Tapsubei Creider,1992,English,guessed,"""Their world was three miles wide and fifteen miles long, a patch of rugged, rocky land along the upper slopes of Mt. Kamasai. At the foot of the mountain ran the Cheboiywa River, the boundary between the Nandi and Luyia. On the other side of the mountain, from Kapkeimur onwards, were European settlers and priests. But on the slopes of the mountain, in densest forest, the people of Kamasai lived completely cut off. The houses were built among the boulders. There were no grassy plains for cattle to graze on. The little grass they could obtain was found in gaps in the forest canopy where the trees allowed the sunlight to filter down. The produce of the women's vegetable gardens had to be shared with the monkeys that came from the forest around them. In this little world everyone knew every detail of everything that happened."" - from The Shrunken Dream",https://covers.openlibrary.org/b/id/9289508-L.jpg,,,,,ol_author,"[""Land and displacement"", ""Climate and nature""]",model,unreviewed,find,,
1352680f-c2c4-5121-b28a-fc55ddd4bef9,Two lives,Jane Tapsubei Creider,1986,,,,https://covers.openlibrary.org/b/id/4107359-L.jpg,,,,/works/OL3987067W,ol_author,[],insufficient_text,unreviewed,find,,
df53b019-d42b-580c-8e02-397a6fdc88dc,Cascades,Jared Angira,1979,,,,https://covers.openlibrary.org/b/id/4408656-L.jpg,,,,/works/OL2615853W,ol_author,[],insufficient_text,unreviewed,find,,
2e82404b-146f-5806-84cc-45ff33b3809e,Juices,Jared Angira,1970,English,guessed,"The Columbia Guide to East African Literature in English Since 1945 challenges the conventional belief that the English-language literary traditions of East Africa are restricted to the former British colonies of Kenya, Uganda, and Tanzania. Instead, these traditions stretch far into such neighboring countries as Somalia and Ethiopia. Simon Gikandi and Evan Mwangi assemble a truly inclusive list of major writers and trends. They begin with a chronology of key historical events and an overview of the emergence and transformation of literary culture in the region. Then they provide an alphabetical list of major writers and brief descriptions of their concerns and achievements. Some of the writers discussed include the Kenyan novelists Grace Ogot and Ngugi wa Thiong'o, Ugandan poet and essayist Taban Lo Liyong, Ethiopian playwright and poet Tsegaye Gabre-Medhin, Tanzanian novelist and diplomat Peter Palangyo, Ethiopian novelist Berhane Mariam Sahle-Sellassie, and the novelist M. G. Vassanji, who portrays the Indian diaspora in Africa, Europe, and North America. Separate entries within this list describe thematic concerns, such as colonialism, decolonization, the black aesthetic, and the language question; the growth of genres like autobiography and popular literature; important movements like cultural nationalism and feminism; and the impact of major forces such as AIDS/HIV, Christian missions, and urbanization. Comprehensive and richly detailed, this guide offers a fresh perspective on the role of East Africa in the development of African and world literature in English and a new understanding of the historical, cultural, and geopolitical boundaries of the region.",https://books.google.com/books/content?id=ywEKyvOO_S0C&printsec=frontcover&img=1&zoom=1&edge=curl&source=gbs_api,,,,,ol_author,"[""Folklore and oral traditions""]",model,unreviewed,find,,
ace462d9-e81b-5812-858d-0d9d2d9d9f15,Lament of the silent & other poems,Jared Angira,2004,English,guessed,,https://covers.openlibrary.org/b/id/4253530-L.jpg,,,,/works/OL2615854W,ol_author,[],insufficient_text,unreviewed,find,,
a166eada-bdbf-540c-9772-7f694dbf767e,Silent voices; poems,Jared Angira,1972,,,,https://books.google.com/books/content?id=Cn_jAAAAMAAJ&printsec=frontcover&img=1&zoom=1&source=gbs_api,,,,/works/OL2615855W,ol_author,[],insufficient_text,unreviewed,find,,
094a0b96-9bf1-5a4a-8f8f-c4bf3811bf1e,Soft corals,Jared Angira,1973,,,,https://books.google.com/books/content?id=H-BAAQAAIAAJ&printsec=frontcover&img=1&zoom=1&source=gbs_api,,,,/works/OL2615859W,ol_author,[],insufficient_text,unreviewed,find,,
18dee8f1-ff5c-57d6-bf12-edc40c6bcb7d,The years go by,Jared Angira,1980,English,guessed,,https://books.google.com/books/content?id=Qm7RAAAAMAAJ&printsec=frontcover&img=1&zoom=1&source=gbs_api,,,,/works/OL2615857W,ol_author,[],insufficient_text,unreviewed,find,,
ee4487ae-6448-5694-97cf-9f40c202148f,Tides of time,Jared Angira,1996,English,guessed,,https://books.google.com/books/content?id=jbyl1Nxw664C&printsec=frontcover&img=1&zoom=1&edge=curl&source=gbs_api,,,,/works/OL2615856W,ol_author,[],insufficient_text,unreviewed,find,,
4c0bc9d8-10e4-5b04-90ad-27878abd7a97,"Tax Justice and the Political Economy of Global Capitalism, 1945 to the Present",Jeremy Leaman,2013,English,guessed,"Tax “justice” has become an increasingly central issue of political debate in many countries, particularly following the cardiac arrest of global financial services in 2008 and the subsequent worldwide slump in trade and production. The evident abuse of tax systems by corporations and rich individuals through tax avoidance schemes and offshore shadow banking is increasingly in the public eye. Above all, the political challenges of recovery and structural reform have raised core issues of burden-sharing and social equity on the agendas of both civil society groups and political elites. Democratic states need tax revenue to fund public goods and combat public “bads” with any degree of legitimacy. The contributions to this book discuss the haphazard evolution of contemporary taxation systems, their contradictory effects in a globalized economy, and the urgency of their reform as a precondition for social justice.",https://books.google.com/books/content?id=oXcKAQAAQBAJ&printsec=frontcover&img=1&zoom=1&edge=curl&source=gbs_api,,,,,ol_author,"[""Corruption and governance"", ""Justice and injustice"", ""Wealth and materialism""]",model,unreviewed,find,,
ad559e20-5cba-55ea-a215-6adf33441266,Facing Mount Kenya,Jomo Kenyatta,1938,English,metadata,"A comprehensive study of the structure of African society by one of its own leaders Jomo Kenyatta. Using a compassionate tone, describes the life, death, work, play, sex, and the family in the Kikuyu tribe.",https://books.google.com/books/content?id=9muSAAAAMAAJ&printsec=frontcover&img=1&zoom=1&source=gbs_api,Harvill Secker,,,,wikidata,"[""Community solidarity"", ""Urban vs rural life"", ""Family unity""]",model,unreviewed,find,,
a51575f4-ed8b-57df-ba5f-f09e3e4bc2ff,JM Kariuki in Parliament,Josiah Mwangi Kariuki,1975,English,guessed,,https://covers.openlibrary.org/b/id/6881726-L.jpg,,,,/works/OL6658593W,ol_author,[],insufficient_text,unreviewed,find,,
3039952e-e227-530f-9425-a635b8258644,Mau Mau kizuizini ..,Josiah Mwangi Kariuki,1963,English,guessed,"The Routledge Handbook of Translation and Memory serves as a timely and unique resource for the current boom in thinking around translation and memory. The Handbook offers a comprehensive overview of a contemporary, and as yet unconsolidated, research landscape with a four-section structure which encompasses both current debate and future trajectories. Twenty-four chapters written by leading and emerging international scholars provide a cross-sectional snapshot of the diverse angles of approach and case studies that have thus far driven research into translation and memory. A valuable, far-reaching range of theoretical, empirical, reflective, comparative, and archival approaches are brought to bear on translational sites of memory and mnemonic sites of translation through the examination of topics such as traumatic, postcolonial, cultural, literary, and translator memory. This Handbook is key reading for advanced undergraduates, postgraduates and researchers in translation studies, memory studies, and related areas.",https://covers.openlibrary.org/b/id/8345589-L.jpg,,,,,ol_author,"[""Power of language""]",model,unreviewed,find,,
54a8a09e-9063-5df1-8ce3-74efd4cfd2f6,mau mau detainee,Josiah Mwangi Kariuki,1963,,,,https://books.google.com/books/content?id=fDlyAAAAMAAJ&printsec=frontcover&img=1&zoom=1&source=gbs_api,,,,/works/OL43273695W,ol_author,[],insufficient_text,unreviewed,find,,
9fadeed7-977b-5156-aa4c-80792225845b,Child of happy valley,Juanita Carberry,1999,English,guessed,"Juanita Carberry's story is a colourful and passionate memoir which reveals the darkness behind glittering White Mischief society. This story starts with her childhood in the 20s and 30s on a Kenyan coffee farm. Brought up by her father's black servants and white governesses, much of her time was spent riding and with the tame wild animals. This was the White Mischief era, when parents were busy partying and children lived their own hidden lives. But there was school to attend in Europe and later South Africa, a different establishment each year, where she struggled to speak English instead of Swahili. There was finishing school in Switzerland, and even in Kenya the less innocent adult life began to encroach on her African idyll. At fifteen she became involved in the Lord Erroll affair and is the only person to whom Delves Broughton confessed to the murder of Lord Erroll.",https://books.google.com/books/content?id=kjVyAAAAMAAJ&printsec=frontcover&img=1&zoom=1&source=gbs_api,,,,,ol_author,"[""Conflict in families"", ""Family unity"", ""Generational conflict""]",model,unreviewed,find,,
a35b255b-f46c-50ca-b080-57b3a807cc10,Letzte Tage in Kenia. Meine Kindheit in Afrika.,Juanita Carberry,2001,English,guessed,"Who minds sleeping under a mosquito net when it's royally draped over the bed in a lush Kenyan, open-walled hut, fashioned from tree trunks and shielded from the sun by a sumptuous thatched roof? This selection of the most-splendid getaway havens nestled throughout the African continent is sure to please even the most finicky would-be voyagers. Photos.",https://covers.openlibrary.org/b/id/3233628-L.jpg,,,,,ol_author,"[""Environmental conservation""]",model,unreviewed,find,,
a7ab07c4-324a-5f2d-acb5-600f39604c00,Feminism and War,Judy Rohrer,2013,English,guessed,"Women across the globe are being dramatically affected by war as currently waged by the USA. But there has been little public space for dialogue about the complex relationship between feminism, women, and war. The editors of Feminism and War have brought together a diverse set of leading theorists and activists who examine the questions raised by ongoing American military initiatives, such as: What are the implications of an imperial nation/state laying claim to women's liberation? What is the relation between this claim and resulting American foreign policy and military action? Did American intervention and invasion in fact result in liberation for women in Afghanistan and Iraq? What multiple concepts are embedded in the phrase ""women’s liberation""? How are these connected to the specifics of religion, culture, history, economics, and nation within current conflicts? What is the relation between the lives of Afghan and Iraqi women before and after invasion, and that of women living in the US? How do women who define themselves as feminists resist or acquiesce to this nation/state claim in current theory and organizing? Feminism and War reveals and critically analyzes the complicated ways in which America uses gender, race, class, nationalism, imperialism to justify, legitimate, and continue war. Each chapter builds on the next to develop an anti-racist, feminist politics that places imperialist power, and forms of resistance to it, central to its comprehensive analysis.",https://books.google.com/books/content?id=ywRjDgAAQBAJ&printsec=frontcover&img=1&zoom=1&edge=curl&source=gbs_api,,,,,ol_author,"[""Gender roles and feminism""]",model,unreviewed,find,,
50f2db12-7844-55a3-9cc7-a6f981eaf48a,Siku Njema,Ken Waliaula,1996,Kiswahili,metadata,,https://books.google.com/books/content?id=diqI3tdvLYIC&printsec=frontcover&img=1&zoom=1&edge=curl&source=gbs_api,,,,OL19393891W,wikidata,[],insufficient_text,unreviewed,find,,
6c3d4641-41af-5236-b83b-9b6759b68b4f,Kufa kuzikana,Ken Walibora,2003,English,guessed,"Studies on the aesthetic representations of atrocity the world over have taken different discursive dimensions from history, sociology, political to human rights. These perspectives are usually geared towards understanding the manifestations, extent, political and economic implications of atrocities. In all these cases, representation has been the singular concern. Cultural Archives of Atrocity: Essays on the Protest Tradition in Kenyan Literature, Culture and Society brings together generic ways of interrogating artistic representations of atrocity in Kenya. Couched on interdisciplinary, multidisciplinary and cross-disciplinary approaches, essays in this volume investigate representations of Atrocity in Kenyan Literature, Film, Popular Music and other mediated cultural art forms. Contributors to this volume not only bring on board multiple and competing perspectives on studying atrocity and how they are archived but provide refreshing and valuable insights in examining the artistic and cultural interpellations of atrocity within the socio-political imaginaries of the Kenyan nation. This volume forms part of the growing critical resources for scholars undertaking studies on atrocity within the fields of ethnic studies, cultural studies, postcolonial studies, peace and conflict, criminology, psychology, political economy and history in Kenya.",https://covers.openlibrary.org/b/id/15105751-L.jpg,,,,,ol_publisher,"[""Trauma and healing"", ""Cultural heritage""]",model,unreviewed,find,,
59f486ae-a736-5ca6-b9a3-8c27ed23e96c,Invisible,Kevin Mwachiro,2014,,,,,,,,/works/OL23126558W,ol_author,[],insufficient_text,unreviewed,find,,
0ed0461d-bc86-5843-802a-7b9e786e46f8,The House of Rust,Khadija Abdalla Bajaber,2021,English,guessed,"The first Graywolf Press African Fiction Prize winner, a story of a girl’s fantastical sea voyage to rescue her father The House of Rust is an enchanting novel about a Hadhrami girl in Mombasa. When her fisherman father goes missing, Aisha takes to the sea on a magical boat made of a skeleton to rescue him. She is guided by a talking scholar’s cat (and soon crows, goats, and other animals all have their say, too). On this journey Aisha meets three terrifying sea monsters. After she survives a final confrontation with Baba wa Papa, the father of all sharks, she rescues her own father, and hopes that life will return to normal. But at home, things only grow stranger. Khadija Abdalla Bajaber’s debut is a magical realist coming-of-age tale told through the lens of the Swahili and diasporic Hadhrami culture in Mombasa, Kenya. Richly descriptive and written with an imaginative hand and sharp eye for unusual detail, The House of Rust is a memorable novel by a thrilling new voice.",https://covers.openlibrary.org/b/id/11134437-L.jpg,,,,,ol_author,"[""Generosity"", ""Wealth and materialism""]",model,unreviewed,find,,
668e6c3e-767c-5739-b90c-ef0b81246f88,Of pawns and players,Kinyanjui Kombani,2018,English,guessed,,,,,,/works/OL32259495W,ol_author,[],insufficient_text,unreviewed,find,,
30a392fd-6e06-5d9d-821f-ef3b4444b7e9,The last villains of Molo,Kinyanjui Kombani,2012,English,guessed,"Bone, Bomu, Bafu, Ngeta and Rock find themselves in Ngando slums having fled the ethic-based violence in Molo. With little to do, they engage in all maner of trade to eke out a living. The entry of Nancy - stylish sophisticated and shrewd - catapults them into a nightmare that leads to destitution, betrayal, desperation, revenge, friendship and lasting love. This is a story of a new generation that rises above the confines of hatred and retribution and reasserts the inherent goodness in man. Told against the background of the 1992 'tribal' clashes in Kenya, The Last Villains of Molo is one of the most critically acclaimed modern stories. It has been studied in five universities in Kenya and Germany, and is currently being scripted for film.",https://books.google.com/books/content?id=3kPniXRocv4C&printsec=frontcover&img=1&zoom=1&edge=curl&source=gbs_api,,,,,ol_author,"[""Good vs evil"", ""Identity crisis"", ""Poverty""]",model,unreviewed,find,,
ec82a590-f4cd-5601-947f-99697949c20e,We can be friends,Kinyanjui Kombani,2007,English,guessed,"Bone, Bomu, Bafu, Ngeta and Rock find themselves in Ngando slums having fled the ethic-based violence in Molo. With little to do, they engage in all maner of trade to eke out a living. The entry of Nancy - stylish sophisticated and shrewd - catapults them into a nightmare that leads to destitution, betrayal, desperation, revenge, friendship and lasting love. This is a story of a new generation that rises above the confines of hatred and retribution and reasserts the inherent goodness in man. Told against the background of the 1992 'tribal' clashes in Kenya, The Last Villains of Molo is one of the most critically acclaimed modern stories. It has been studied in five universities in Kenya and Germany, and is currently being scripted for film.",https://books.google.com/books/content?id=3kPniXRocv4C&printsec=frontcover&img=1&zoom=1&edge=curl&source=gbs_api,,,,,ol_author,"[""Peer pressure"", ""Community solidarity"", ""Generosity""]",model,unreviewed,find,,
d2894cd4-4e9c-57dd-a65d-cd1ee86aa8f0,A game of cards,Kithaka wa Mberia,2011,English,guessed,,,,,,/works/OL22612237W,ol_author,[],insufficient_text,unreviewed,find,,
06ab7da8-9553-561a-99e3-df50df60ef09,Another continent,Kithaka wa Mberia,2011,,,,,,,,/works/OL15953373W,ol_author,[],insufficient_text,unreviewed,find,,
e49ccb5e-d0e1-580a-a62c-059050198925,Bara jingine,Kithaka wa Mberia,2001,,,Poems.,https://covers.openlibrary.org/b/id/12736380-L.jpg,,,,/works/OL5783601W,ol_author,[],insufficient_text,unreviewed,find,,
70b2affa-229c-5697-922b-5b5082012173,Death at the well,Kithaka wa Mberia,2011,English,guessed,,,,,,/works/OL22612234W,ol_author,[],insufficient_text,unreviewed,find,,
7d37225b-995c-552a-aaa7-d9e297b88e82,Flowers in the morning sun,Kithaka wa Mberia,2011,English,guessed,,,,,,/works/OL15953372W,ol_author,[],insufficient_text,unreviewed,find,,
7cfdf6be-fc1e-57d5-b643-2c6bcb288d61,Kifo kisimani,Kithaka wa Mberia,2001,,,A play.,https://covers.openlibrary.org/b/id/15093178-L.jpg,,,,/works/OL23750703W,ol_author,[],insufficient_text,unreviewed,find,,
cac3254d-7c4b-5fb3-b6c3-250c91d09d7d,Maua kwenye jua la asubuhi,Kithaka wa Mberia,2004,Kiswahili,guessed,A play.,https://books.google.com/books/content?id=y5Q-mvlDYY8C&printsec=frontcover&img=1&zoom=1&edge=curl&source=gbs_api,,,,/works/OL5783602W,ol_author,[],insufficient_text,unreviewed,find,,
6a582b76-8c93-5de6-9076-7b4543a0dfd9,Mchezo wa karata,Kithaka wa Mberia,1997,,,Poems.,https://books.google.com/books/content?id=y5Q-mvlDYY8C&printsec=frontcover&img=1&zoom=1&edge=curl&source=gbs_api,,,,/works/OL5783603W,ol_author,[],insufficient_text,unreviewed,find,,
3eb44600-546b-56e4-bf9f-be65f228446d,Msimu wa tisa,Kithaka wa Mberia,2007,,,Poems.,https://books.google.com/books/content?id=160aAQAAIAAJ&printsec=frontcover&img=1&zoom=1&source=gbs_api,,,,/works/OL5783604W,ol_author,[],insufficient_text,unreviewed,find,,
d4b82ba2-71d6-535d-bf5f-a2987dadd3b4,Natala,Kithaka wa Mberia,1997,,,A play.,https://books.google.com/books/content?id=_936DAAAQBAJ&printsec=frontcover&img=1&zoom=1&edge=curl&source=gbs_api,,,,/works/OL5783605W,ol_author,[],insufficient_text,unreviewed,find,,
293b5741-8e28-5a4a-a032-9d5d5269ddb2,Redio na mwezi,Kithaka wa Mberia,2005,Kiswahili,guessed,Poems.,https://books.google.com/books/content?id=7K0aAQAAIAAJ&printsec=frontcover&img=1&zoom=1&source=gbs_api,,,,/works/OL5783606W,ol_author,[],insufficient_text,unreviewed,find,,
1f7b3c6d-19e8-5919-bb62-1698a2cd1b68,A woman reborn,Koigi wa Wamwere,1980,English,guessed,,https://books.google.com/books/content?id=578vAAAAIAAJ&printsec=frontcover&img=1&zoom=1&source=gbs_api,,,,/works/OL1789761W,ol_author,[],insufficient_text,unreviewed,find,,
4a4f4039-7b9f-5a50-b49c-00a283c28e62,Conscience on Trial: Why I Was Detained,Koigi wa Wamwere,1988,English,guessed,The case of Koigi wa Wamwere exemplifies the personal tragedy that is faced by democrats and activists in Africa.,https://covers.openlibrary.org/b/id/13283236-L.jpg,,,,,ol_author,"[""Justice and injustice""]",model,unreviewed,find,,
82dcedd8-073e-5469-a2d4-175854375908,Dream of freedom,Koigi wa Wamwere,1997,English,guessed,,https://books.google.com/books/content?id=sRggAQAAIAAJ&printsec=frontcover&img=1&zoom=1&source=gbs_api,,,,/works/OL1789753W,ol_author,[],insufficient_text,unreviewed,find,,
5ec66b0e-b946-55da-b4d8-754be3ff47f8,Etnisitetsbomben,Koigi wa Wamwere,2001,,,,https://books.google.com/books/content?id=ofUpAQAAIAAJ&printsec=frontcover&img=1&zoom=1&source=gbs_api,,,,/works/OL23815877W,ol_author,[],insufficient_text,unreviewed,find,,
957de58e-7611-59d4-9986-68c72389ac34,Hjertets tårer,Koigi wa Wamwere,2000,English,guessed,"In contrast to most studies of minority, majority relations, the author does not focus on minority groups but on the conventional wisdom of the politically dominant majority population. The essays cover a range of themes, from individualised identification and the struggle to achieve a 'sustainable self-image' to national belonging and 'race thinking'. She argues that social actors construct racial and national boundaries by drawing on everyday-life experiences. This is how racial prejudice can become 'plausible prejudice?'.",https://books.google.com/books/content?id=o14iAQAAMAAJ&printsec=frontcover&img=1&zoom=1&source=gbs_api,,,,,ol_author,"[""Peer pressure"", ""Civic responsibility"", ""Justice and injustice""]",model,unreviewed,find,,
ffe23805-5caa-5b69-b866-a8d3938bd36e,I refuse to die,Koigi wa Wamwere,2002,English,guessed,"""I Refuse to Die is both the story of one gifted man who rose above the horrors of colonization, and an uncensored account of Kenya's blood-stained past. With determination born of suffering, Koigi wa Wamwere documents the brutality of the colonial years. He describes the physical and emotional abuse visited on his parents and others by the plundering British. Tracing the roots of the Mau Mau rebellion and the strict curfews and violence of the colonial government, wa Wamwere follows the evolution and degeneration of Jomo Kenyatta and the rise of Daniel arap Moi. During those years, wa Wamwere began to speak out and fight for human rights. In 1979 he won a seat in the parliament, where he represented the economically depressed Nakuru district for three years. His history is infused with freedom songs of his people and revealing allegories born out of the Kenyan storytelling tradition. As an activist, a journalist, and a member of the Kenyan parliament, wa Wamwere was framed and detained on three separate instances, spending thirteen years in prison, where he was tortured but not broken. His mother and other mothers led a hunger strike to free him and fellow political prisoners. Their efforts brought about a show trial where wa Wamwere was sentenced to four more years in prison and six strokes of the cane. Under such a sentence, others had died from abuse to body and spirit. But, buoyed by a growing chorus of international support, wa Wamwere refused his fate. And lived not only to tell, but to fight on.""--BOOK JACKET.",https://covers.openlibrary.org/b/id/846798-L.jpg,,,,,ol_author,"[""Fate and free will"", ""Colonialism and resistance"", ""Oppression""]",model,unreviewed,find,,
7649ea7a-030c-525a-a17c-6cda2c4626d1,Justice on trial,Koigi wa Wamwere,1997,English,guessed,,,,,,/works/OL1789757W,ol_author,[],insufficient_text,unreviewed,find,,
c4e3ca27-fc1c-5975-affc-7b32f5fb9db4,Kenya,Koigi wa Wamwere,1989,English,guessed,"An extraordinary account of how a laborer's son rose to challenge the power of despots, I Refuse to Die is both the autobiography of one gifted man who rose above the horrors of colonization, and an uncensored history of modern Kenya. The book is infused with the freedom songs of the Kenyan people, as well as dream prophecy and folk tales that are part of Kenya's rich storytelling tradition. Tracing the roots of the Mau Mau rebellion, wa Wamwere follows the evolution and degeneration of Jomo Kenyatta and the rise of Daniel arap Moi. In 1979, wa Wamwere won a seat in the parliament, where he represented the economically depressed Nakuru district for three years. An outspoken activist and journalist, wa Wamwere was framed and detained on three separate instances, spending thirteen years in prison, where he was tortured but not broken. His mother and others led a hunger strike to free him and fellow political prisoners. Their efforts brought about a show trial at which Koigi was sentenced to four more years in prison and ""six strokes of the cane,"" and escaped Kenya—and probably execution—only through the exertions of human rights groups and the government of Norway.",https://books.google.com/books/content?id=GkqHpbchWWsC&printsec=frontcover&img=1&zoom=1&edge=curl&source=gbs_api,,,,,ol_author,"[""Youth and unemployment"", ""Colonialism and resistance"", ""Oppression""]",model,unreviewed,find,,
591bb37e-11a5-5622-b828-d07fba2b66aa,Negative Ethnicity,Koigi wa Wamwere,2011,English,guessed,"""Negative ethnicity"" is Koigi wa Wamwere’s name for the deep-seated tensions in Africa that the world has seen flare so terrifyingly. The genocide in Rwanda and ""ethnic"" killing in the Democratic Republic of Congo, Nigeria, and elsewhere stand out as examples. Wa Wamwere argues that these clashes cannot properly be described as ethnically motivated; ethnicity, a positive distinction, has nothing of the hatred here at work. Negative Ethnicity gives a new picture of the force behind untold deaths on the continent, dispelling the myth of an intractable conflict waged along simple, ancient lines. Negative Ethnicity explains the roots, colonial and pre-colonial, of the current ""ethnic"" tensions. It goes on to describe how, for most Africans, ethnic identity is ambiguous, and analyzes why that fact is obscured. The culprits are many: chronic poverty, a broken education system, preying dictators, corrupt officials, the colonial legacy of hate, the ongoing exploitation of the West. Negative Ethnicity is both a history and a manual for change, intended to introduce Westerners to the crisis and to give Africans a new understanding of it. Perhaps never before has the problem been addressed with such clarity and insight.",https://books.google.com/books/content?id=8duB0b-C1WAC&printsec=frontcover&img=1&zoom=1&edge=curl&source=gbs_api,,,,,ol_author,"[""Conflict in families"", ""Ethnic diversity""]",model,unreviewed,find,,
9417f95b-6783-5e46-b686-3eefa7626380,"The people's representative and the tyrants, or, Kenya, independence without freedom",Koigi wa Wamwere,1992,English,guessed,,https://books.google.com/books/content?id=Qz4_AQAAIAAJ&printsec=frontcover&img=1&zoom=1&source=gbs_api,,,,/works/OL1789759W,ol_author,[],insufficient_text,unreviewed,find,,
1de2b43d-a184-5a8f-b3bf-c74afc710ca1,Towards genocide in Kenya,Koigi wa Wamwere,2008,English,guessed,,https://books.google.com/books/content?id=_GYwAQAAIAAJ&printsec=frontcover&img=1&zoom=1&source=gbs_api,,,,/works/OL1789760W,ol_author,[],insufficient_text,unreviewed,find,,
63707b52-f590-5213-8e87-4da1d3942de9,Looking both ways,Laurie Ann Farrell,2003,English,guessed,"Arguing in favour of renewed critical attention to the 'nation' as a category in art history, this study examines the intertwining of art theory, national identity and art production in Britain from the early eighteenth century to the present day. The book provides the first sustained account of artwriting in the British context over the full extent of its development and includes new analyses of such central figures as Hogarth, Reynolds, Gilpin, Ruskin, Roger Fry, Herbert Read, Art & Language, Peter Fuller and Rasheed Araeen. Mark A. Cheetham also explores how the 'Englishing' of art theory-which came about despite the longstanding occlusion of the intellectual and theoretical in British culture-did not take place or have effects exclusively in Britain. Theory has always travelled with art and vice versa. Using the frequently resurgent discourse of cosmopolitanism as a frame for his discourse, Cheetham asks whether English traditions of artwriting have been judged inappropriately according to imported criteria of what theory is and does. This book demonstrates that artwriting in the English tradition has not been sufficiently studied, and that 'English Art Theory' is not an oxymoron. Such concerns resonate today beyond academe and the art world in the many heated discussions of resurgent Englishness.",https://covers.openlibrary.org/b/id/5400206-L.jpg,,,,,ol_author,[],no_confident_theme,unreviewed,find,,
10e53dc8-8dea-5b48-a122-ec30804e4cfc,"Ali, the little suntan",Lily Mabura,1999,English,guessed,,https://books.google.com/books/content?id=m9zyAAAAMAAJ&printsec=frontcover&img=1&zoom=1&source=gbs_api,,,,/works/OL23912078W,ol_author,[],insufficient_text,unreviewed,find,,
2b230459-d3f9-5bba-8674-3c6d56d09681,How Shall We Kill The Bishop And Other Stories,Lily Mabura,2012,English,guessed,"An artist in mourning for a brother who died fighting in Bosnia, a restless young woman alerted to the possibility of life outside her tight knit community, an unemployed lawyer lingering in a Kenyan hospital - Lily Mabura's first collection of short stories deals with characters whose fates fascinate and alarm. Set in Kenya, the USA, Namibia and the Congo, these brief, evocative tales demonstrate an acute sensitivity to the globalised trajectories which increasingly distinguish our world. One of Kenya's most promising authors, Lily Mabura's story 'How Shall We Kill the Bishop?' was shortlisted for the 2010 Caine Prize for African Fiction",https://covers.openlibrary.org/b/id/7656327-L.jpg,,,,,ol_author,"[""Hope and despair"", ""Love and heartbreak"", ""Trauma and healing""]",model,unreviewed,find,,
9dda3d42-dd00-5b40-9c2d-79c8b8d21e03,Remembrance,Lily Mabura,2018,English,guessed,"Shortlisted for the 2010 Caine Prize for African Fiction. In this collection of short stories, award-winning author Lily Mabura explores a fascinating range of characters and tales from around the globe. Within these thirteen short stories, an artist mourns for their brother who died fighting in Bosnia, a restless young woman discovers the possibility of life outside of her tight-knit community, and an unemployed lawyer lingers in a Kenyan hospital. Her first collection of short stories, Lily Mabura offers a thought-provoking and evocative glimpse into the diverse lives we lead and the stories we have to tell. 'Mabura writes with precision and clarity, imagination and a deep particularity.' Greer Chesher",https://books.google.com/books/content?id=6yDZEAAAQBAJ&printsec=frontcover&img=1&zoom=1&source=gbs_api,,,,,ol_author,"[""Mental health"", ""Hope and despair"", ""Trauma and healing""]",model,unreviewed,find,,
1ed6ca7b-a046-512a-9bde-a6d691f5f7ee,Saleh Kanta and the cavaliers,Lily Mabura,2005,English,guessed,,,,,,/works/OL23992935W,ol_author,[],insufficient_text,unreviewed,find,,
f990ba35-a2a4-588a-9d66-9e690ac7beff,The Pretoria conspiracy,Lily Mabura,2000,English,guessed,"The story is set in 1945 South Africa. Colonel Willem Stewart de Veer flies in the face of convention, and segregation, by marrying a coloured woman. His family disown him; but they meet again, this time on opposing sides in the political struggle. Willem Stewart must contend with the head of the de Veer family, Paulus de Veer, and a handful of tenacious supremacists in a tense clash of the personal and the political. Lily Mabura is a fiction and children's author who was born and lives in Kenya. Her children's book, Ali and the Little Sultan won the Jomo Kenyatta Prize for Literature. The Pretoria Conspiracy, her first novel, was awarded the (Kenyan) National Book Week Literary Award for the Best First Novel in 2001.",https://covers.openlibrary.org/b/id/2304861-L.jpg,,,,,ol_author,"[""Conflict in families""]",model,unreviewed,find,,
32f01a5b-6786-56cc-9d74-7c3182193b2d,Olduvai Gorge; a report on the evolution of the hand-axe culture in beds I-IV,Louis Leakey,1951,English,metadata,"This comprehensive A to Z encyclopedia provides extensive coverage of important scientific terms related to improving our understanding of how we evolved. Specifically, the 5,000 entries in this two-volume set cover evidence and methods used to investigate the relationships among the living great apes, evidence about what makes the behavior of modern humans distinctive, and evidence about the evolutionary history of that distinctiveness, as well as information about modern methods used to trace the recent evolutionary history of modern human populations. This text provides a resource for everyone studying the emergence of Homo sapiens. Visit the companion site http://www.woodhumanevolution.com"" target=""_blank to browse additional references and updates from this comprehensive encyclopedia.",https://books.google.com/books/content?id=440TmWXToLAC&printsec=frontcover&img=1&zoom=1&edge=curl&source=gbs_api,,,,OL2056206W,wikidata,"[""Climate and nature"", ""Generational conflict""]",model,unreviewed,find,,
221eecb0-04b3-5db3-8b57-f813199efece,"Preliminary Excavations of a Mesolithic Site at Abinger Common, Surrey",Louis Leakey,1951,English,guessed,,https://books.google.com/books/content?id=MYxFAQAAIAAJ&printsec=frontcover&img=1&zoom=1&source=gbs_api,,,,/works/OL12856770W,wikidata,[],insufficient_text,unreviewed,find,,
73322f04-48d6-55a7-99d2-2248eb0b5b20,Before You Say I Do,Lucy Natasha,2018,English,guessed,"This Handbook provides a robust collection of vibrant discourses on African social ethics and ethical practices. It focuses on how the ethical thoughts of Africans are forged within the context of everyday life, and how in turn ethical and philosophical thoughts inform day-to-day living. The essays frame ethics as a historical phenomenon best examined as a historical movement, the dynamic ethos of a people, rather than as a theoretical construct. It thereby offers a bold, incisive, and fresh interpretation of Africa’s ethical life and thought.",https://books.google.com/books/content?id=yQTaDwAAQBAJ&printsec=frontcover&img=1&zoom=1&edge=curl&source=gbs_api,,,,,ol_author,"[""Morality and ethics""]",model,unreviewed,find,,
3130aa14-0dcc-592d-95d1-326675e34509,Every Problem Has an Expiry Date!,Lucy Natasha,2019,English,guessed,"Though your problem is lasting, it is not everlasting. Where people put a fullstop, God begins a new sentence.Success in life is brought by your ability to recognise that when problem come your way, you are to rise above them, be stronger than them and choose to use the storm to soar higher and higher.Indeed Every Problem Has An Expiry Day! Be encouraged as you read through the pages of this book because your condition is not your conclusion.",https://books.google.com/books/content?id=8l0mzwEACAAJ&printsec=frontcover&img=1&zoom=1&source=gbs_api,,,,,ol_author,"[""Laziness"", ""Fate and free will""]",model,unreviewed,find,,
56b58c33-58c2-599a-8f47-ff5f68d5693c,Favour the Game Changer,Lucy Natasha,2019,English,guessed,"May books have been written but FAVOUR! THE GAME CHANGER is like no other. It is a compilation of the key principles that are responsible for attracting divine favour in the life of an individual.It has been said that a brief moment with favor is worth more than a thaousand days of labour. As you fly on the wings of devine favor, you will experience: - . Supernatural speed and progress, . Unparalleled opportunities and open doors, . Unexplainable goodness and favor, . Undeserved victories and triumphs.",https://books.google.com/books/content?id=BxqwzAEACAAJ&printsec=frontcover&img=1&zoom=1&source=gbs_api,,,,,ol_author,"[""Fate and free will"", ""Good vs evil"", ""Generosity""]",model,unreviewed,find,,
3407176e-525d-5c4e-a52c-966f2160da65,Sulwe,Lupita Nyong'o,2019,English,guessed,"A New York Times bestseller! Featured in its own episode in the Netflix original show Bookmarks: Celebrating Black Voices! Recipient of a Coretta Scott King Illustrator Honor Award Recipient of an NAACP Image Award for Outstanding Children’s Literary Work From Academy Award–winning actress Lupita Nyong’o comes a powerful, moving picture book about colorism, self-esteem, and learning that true beauty comes from within. Sulwe has skin the color of midnight. She is darker than everyone in her family. She is darker than anyone in her school. Sulwe just wants to be beautiful and bright, like her mother and sister. Then a magical journey in the night sky opens her eyes and changes everything. In this stunning debut picture book, actress Lupita Nyong’o creates a whimsical and heartwarming story to inspire children to see their own unique beauty.",https://books.google.com/books/content?id=xx-wDwAAQBAJ&printsec=frontcover&img=1&zoom=1&edge=curl&source=gbs_api,Simon & Schuster,,,,wikidata,"[""Naming and symbolism"", ""Identity crisis""]",model,unreviewed,find,,
b1fc71f4-5cb3-50d3-a87c-80c8ce1c25fa,A girl cannot go on laughing all the time,Magaga Alot,1975,English,guessed,,https://books.google.com/books/content?id=Im7RAAAAMAAJ&printsec=frontcover&img=1&zoom=1&source=gbs_api,,,,/works/OL22584828W,ol_author,[],insufficient_text,unreviewed,find,,
ebf29b30-8461-5e43-bbc4-033dddec9ea2,Daughter of state,Magaga Alot,1999,English,guessed,,https://books.google.com/books/content?id=MEYgAQAAIAAJ&printsec=frontcover&img=1&zoom=1&source=gbs_api,,,,/works/OL18858721W,ol_author,[],insufficient_text,unreviewed,find,,
a6f64303-06af-5160-9e81-dd537cd066c3,East African integration,Magaga Alot,2010,,,,https://books.google.com/books/content?id=lo62AAAAIAAJ&printsec=frontcover&img=1&zoom=1&source=gbs_api,,,,/works/OL16663084W,ol_author,[],insufficient_text,unreviewed,find,,
3ba20839-a5cb-52d7-8099-ccf17a1dfeee,Heat of the moment,Magaga Alot,1978,English,guessed,,https://books.google.com/books/content?id=UmTRAAAAMAAJ&printsec=frontcover&img=1&zoom=1&source=gbs_api,,,,/works/OL22658857W,ol_author,[],insufficient_text,unreviewed,find,,
00bd7ebd-4443-5116-89a8-2f3effc145f0,People and communication in Kenya,Magaga Alot,1982,English,guessed,,https://books.google.com/books/content?id=LvpCAQAAIAAJ&printsec=frontcover&img=1&zoom=1&source=gbs_api,,,,/works/OL22821544W,ol_author,[],insufficient_text,unreviewed,find,,
d955393d-8112-505e-9988-bf2e004281c0,A farm called Kishinev,Marjorie Oludhe Macgoye,2005,English,guessed,"In 1903, the British offered Uasin Gishu as a sanctuary and national home for Jews escaping persecution in Eastern Europe. But in the event, this was never put into effect; and instead of refugees, Afrikaner and British officers established themselves in the area. This novel explores the experiences and feelings of an ordinary Jewish settler family in twentieth century East Africa, considering the complex interplay between international politics, colonial dominance, and anti-Semitic and anti-African racist ideologies.",https://books.google.com/books/content?id=hOHsJCMtxjwC&printsec=frontcover&img=1&zoom=1&edge=curl&source=gbs_api,,,,,ol_author,"[""Agriculture and food security"", ""Community solidarity"", ""Land and displacement""]",model,unreviewed,find,,
8c046246-4a05-5f2e-8fc1-f3f516a4508f,Chira,Marjorie Oludhe Macgoye,1997,English,guessed,"In this quietly powerful and eminently readable novel, winner of the prestigious Sinclair Prize, Kenyan writer Marjorie Macgoye deftly interweaves the story of one young woman’s tumultuous coming of age with the history of a nation emerging from colonialism. At the age of sixteen, Paulina leaves her small village in western Kenya to join her new husband, Martin, in the bustling city of Nairobi. It is 1956, and Kenya is in the final days of the ""Emergency,"" as the British seek to suppress violent anti-colonial revolts. But Paulina knows little about, about city life, or about marriage, and Martin’s clumsy attempts to control her soon lead to a relationship filled with silences, misunderstandings, and unfulfilled expectations. Soon Paulina’s inability to bear a child effectively banishes her from the confines of traditional women’s roles. As her country at last moves toward independence, Paulina manages to achieve a kind of independence as well: She accepts a job that will require her to live separately from her husband, and she has an affair that leads to the birth of her first child. But Paulina’s hard-won contentment will be shattered when Kenya’s turbulent history intrudes into her private life, bringing with it tragedy—and a new test of her quiet courage and determination. Paulina’s patient struggles for survival and identity are revealed through Marjorie Macgoye’s keen and sensitive vision—a vision which extends to embrace the whole of a nation and a people likewise struggling to find their way. As the Weekly Standard of Kenya notes, ""Coming to Birth is a radical novel in firmly asserting our common humanity.""",https://covers.openlibrary.org/b/id/3725905-L.jpg,,,,,ol_author,[],no_confident_theme,unreviewed,find,,
591c043c-4e7d-5849-8983-90c4edc0bdd0,Coming to birth,Marjorie Oludhe Macgoye,1986,English,metadata,"In this quietly powerful and eminently readable novel, winner of the prestigious Sinclair Prize, Kenyan writer Marjorie Macgoye deftly interweaves the story of one young woman’s tumultuous coming of age with the history of a nation emerging from colonialism. At the age of sixteen, Paulina leaves her small village in western Kenya to join her new husband, Martin, in the bustling city of Nairobi. It is 1956, and Kenya is in the final days of the ""Emergency,"" as the British seek to suppress violent anti-colonial revolts. But Paulina knows little about, about city life, or about marriage, and Martin’s clumsy attempts to control her soon lead to a relationship filled with silences, misunderstandings, and unfulfilled expectations. Soon Paulina’s inability to bear a child effectively banishes her from the confines of traditional women’s roles. As her country at last moves toward independence, Paulina manages to achieve a kind of independence as well: She accepts a job that will require her to live separately from her husband, and she has an affair that leads to the birth of her first child. But Paulina’s hard-won contentment will be shattered when Kenya’s turbulent history intrudes into her private life, bringing with it tragedy—and a new test of her quiet courage and determination. Paulina’s patient struggles for survival and identity are revealed through Marjorie Macgoye’s keen and sensitive vision—a vision which extends to embrace the whole of a nation and a people likewise struggling to find their way. As the Weekly Standard of Kenya notes, ""Coming to Birth is a radical novel in firmly asserting our common humanity.""",https://books.google.com/books/content?id=ie_eDwAAQBAJ&printsec=frontcover&img=1&zoom=1&edge=curl&source=gbs_api,Heinemann,978-0-435-90670-7,,,wikidata,"[""Youth and unemployment""]",model,unreviewed,find,,
6092138c-4800-5cd2-a751-c98f6ca560ef,Creative writing in prose,Marjorie Oludhe Macgoye,2009,English,guessed,"Creative Writing In Prose is centered on novel writing but touches on other prose forms. It covers the process from the germination of the story to the submission of the manuscript for publication. Plot, narrative methods, the recording of dialogue and the subtle relationship between story and theme are all examined.",https://books.google.com/books/content?id=7eX_CAAAQBAJ&printsec=frontcover&img=1&zoom=1&edge=curl&source=gbs_api,,,,,ol_author,"[""Storytelling as resistance"", ""Power of language""]",model,unreviewed,find,,
a625980f-df7c-570c-85b2-bbbec37a2c46,Growing up at Lina School,Marjorie Oludhe Macgoye,1971,English,guessed,"Grace and her family return to Kenya from England, where they have been living for quite some time. Youns Grace joins a girls' boarding school in Kenya. While her parents are worried she might not adjust to the new system, for Grace and the other girls at Lina School life is full of action, fun and adventure.",https://books.google.com/books/content?id=SZi9lePN7YEC&printsec=frontcover&img=1&zoom=1&edge=curl&source=gbs_api,,,,,ol_author,"[""Education and opportunity""]",model,unreviewed,find,,
72c03376-45dd-5374-8b58-d73836809527,Homing in,Marjorie Oludhe Macgoye,1994,English,guessed,After completing her undergraduate studies Monika Saliku anxiously waits to see what shape her career will take. For her it is a foregone conclusion that she will get an appointment in the city and savour the familiar throb of urban life. However she receives a setback when she is appointed to a bucolic outpost settling for a career she loathes. As she journeys to the small dusty town her struggle to self-realisation has just begun.,https://covers.openlibrary.org/b/id/2304801-L.jpg,,,,,ol_author,"[""Urbanization"", ""Laziness""]",model,unreviewed,find,,
16be1765-2d0b-56f9-8f5f-2c76c8311fcb,Make it sing & other poems,Marjorie Oludhe Macgoye,1998,,,,https://books.google.com/books/content?id=e8L_a0bdHJgC&printsec=frontcover&img=1&zoom=1&edge=curl&source=gbs_api,,,,/works/OL1789996W,ol_author,[],insufficient_text,unreviewed,find,,
97c4f800-9c46-5013-b4b1-094e89589512,Murder in Majengo,Marjorie Oludhe Macgoye,1972,English,guessed,"Set against the background of political and economic change in Kenya, this book tells the life story of Victoria, an independent and strong-minded woman from a rural Luo community who achieves success in Nairobi, and, in the second part, deals with one particular incident of political intrigue.",https://books.google.com/books/content?id=H9TyAAAAMAAJ&printsec=frontcover&img=1&zoom=1&source=gbs_api,,,,,ol_author,"[""Political violence""]",model,unreviewed,find,,
4334778f-3869-549f-a749-90fe8f67624e,Rebmann,Marjorie Oludhe Macgoye,2014,English,guessed,"This handbook offers analysis of diverse genres and media of neo-Victorianism, including film and television adaptations of Victorian texts, authors’ life stories, graphic novels, and contemporary fiction set in the nineteenth century. Contextualized by Sarah E Maier and Brenda Ayres in a comprehensive introduction, the collection describes current trends in neo-Victorian scholarship of novels, film, theatre, crime, empire/postcolonialism, Gothic, materiality, religion and science, amongst others. A variety of scholars from around the world contribute to this volume by applying an assortment of theoretical approaches and interdisciplinary focus in their critique of a wide range of narratives—from early neo-Victorian texts such as A. S. Byatt’s Possession (1963) and Jean Rhys’ Wide Sargasso Sea (1966) to recent steampunk, from musical theatre to slumming, and from The Alienist to queerness—in their investigation of how this fiction reconstructs the past, informed by and reinforming the present.",https://books.google.com/books/content?id=5JvvEAAAQBAJ&printsec=frontcover&img=1&zoom=1&edge=curl&source=gbs_api,,,,,ol_author,[],no_confident_theme,unreviewed,find,,
44102cdd-d6d0-5305-9206-ca35326c25e5,Song of Nyarloka and other poems,Marjorie Oludhe Macgoye,1977,English,guessed,,,,,,/works/OL1789999W,ol_author,[],insufficient_text,unreviewed,find,,
527ff139-6aec-50d6-9745-b78ac79401af,"The Black Hand Gang (Junior Readers Series, 40)",Marjorie Oludhe Macgoye,2003,English,guessed,,https://covers.openlibrary.org/b/id/3363257-L.jpg,,,,/works/OL1789989W,ol_author,[],insufficient_text,unreviewed,find,,
60fd818e-ed4e-5247-89ee-04685250b086,The composition of poetry,Marjorie Oludhe Macgoye,2009,English,guessed,,https://books.google.com/books/content?id=ftUpAQAAIAAJ&printsec=frontcover&img=1&zoom=1&source=gbs_api,,,,/works/OL1789991W,ol_author,[],insufficient_text,unreviewed,find,,
fa957042-7c62-57fa-ad03-b36f2141a362,The present moment,Marjorie Oludhe Macgoye,1987,English,guessed,"""This contemporary African classic tells the story of seven unforgettable Kenyan women as it traces more than sixty years of turbulent national history. Like their country, this group of old women is divided by ethnicity, language, class, and religion. But around the charcoal fire at the Refuge, the old-age home they share in Nairobi, they uncover the hidden personal histories that connect them as women: stories of their struggles for self-determination; of conflict, violence, and loss, but also of survival. As a visitor to the Refuge says, ""To be eighty years old in Africa is to be tough, particularly for a woman."" And these seven women, with no families to care for them, must be tougher still.""--BOOK JACKET.",https://covers.openlibrary.org/b/id/4528703-L.jpg,,,,,ol_author,"[""Gender roles and feminism"", ""Family unity"", ""Post-independence struggles""]",model,unreviewed,find,,
7e030cd5-a6e4-5897-9fd8-3e8e02f1722b,The story of Kenya,Marjorie Oludhe Macgoye,1986,English,guessed,,https://covers.openlibrary.org/b/id/14401720-L.jpg,,,,/works/OL4954914W,ol_author,[],insufficient_text,unreviewed,find,,
8ae1537b-3be4-50ed-a825-4fc067866d5d,Victoria and Murder in Majengo,Marjorie Oludhe Macgoye,1993,English,guessed,"Set against the background of political and economic change in Kenya, this book tells the life story of Victoria, an independent and strong-minded woman from a rural Luo community who achieves success in Nairobi, and, in the second part, deals with one particular incident of political intrigue.",https://books.google.com/books/content?id=H9TyAAAAMAAJ&printsec=frontcover&img=1&zoom=1&source=gbs_api,,,,,ol_author,"[""Political violence""]",model,unreviewed,find,,
3fd69c0f-c244-5a39-b91e-7b0bb5ca4724,Campaign and be damned,Marjorie Wallace,,English,guessed,"Mementoes of HMS Tamar abound in Hong Kong, but what is really known about this troopship and her role in the maintenance of British imperial rule? Using logbooks, newspapers, and numerous other sources, this book pieces together the multifaceted and largely unknown history of the Tamar . From her launch into service to her roles as a hospital, theatre stage, and transport for military personnel, the Tamar carried not just people, but also their mundane dreams and ambitions— for friends, families, and staying alive. Any ideas or concerns about sustaining the empire seldom featured in their minds at all, but it was this empire that the Tamar served for seventy-nine years, steaming the equivalent of thirty-two times around the Earth and transporting tens of thousands of people to what would seem to them another world. In this engaging narrative, the Tamar’s exploits and the experiences of her crew and passengers parallel those of the British Empire and its subjects, bringing to life the realities of imperial life on land and at sea. As mud continues to settle over the Tamar’s forgotten remains in Hong Kong’s Victoria Harbour, Transport to Another World will appeal to historians and readers interested in maritime history and colonial Hong Kong in general, and makes a case for conserving the memory of a past some would prefer to forget.",https://books.google.com/books/content?id=AjNuEAAAQBAJ&printsec=frontcover&img=1&zoom=1&edge=curl&source=gbs_api,,,,,ol_author,[],no_confident_theme,unreviewed,find,,
5d843a48-0c6c-5a03-ae80-42d32eb32b5e,On giant's shoulders,Marjorie Wallace,1976,English,guessed,"A vivid and whip-smart memoir from the legendary editor who spent decades leading newspapers in London and New York. In My Paper Chase, Harold Evans recounts the wild and wonderful tale of newspapering life. His story stretches from the 1930s to his service in WWII, through towns big and off the map. He discusses his passion for the crusading style of reportage he championed, his clashes with Rupert Murdoch, and his struggle to use journalism to better the lives of those less fortunate. There's a star-studded cast and a tremendously vivid sense of what once was: the lead type, the smell of the presses, eccentrics throughout, and angry editors screaming over the intercoms. My Paper Chase tells the story of Evans's great loves: newspapers and Tina Brown, the bright, young journalist who became his wife. In an age when newspapers everywhere are under threat, My Paper Chase is not just a glorious recounting of an amazing life, but a nostalgic journey in black and white.",https://books.google.com/books/content?id=QScmMaqf1lkC&printsec=frontcover&img=1&zoom=1&edge=curl&source=gbs_api,,,,,ol_author,[],no_confident_theme,unreviewed,find,,
88ce035a-587c-5243-99d5-815de18c6d30,Schizophrenia 1992,Marjorie Wallace,1992,English,guessed,"In Mad in America, medical journalist Robert Whitaker reveals an astounding truth: Schizophrenics in the United States fare worse than those in poor countries, and quite possibly worse than asylum patients did in the early nineteenth century. Indeed, Whitaker argues, modern treatments for the severely mentally ill are just old medicine in new bottles and we as a society are deluded about their efficacy. Tracing over three centuries of ""cures"" for madness, Whitaker shows how medical therapies-from ""spinning"" or ""chilling"" patients in colonial times to more modern methods of electroshock, lobotomy, and drugs-have been used to silence patients and dull their minds, deepening their suffering and impairing their hope of recovery. Based on exhaustive research culled from old patient medical records, historical accounts, and government documents, this haunting book raises important questions about our obligations to the mad, what it means to be ""insane,"" and what we value most about the human mind.",https://books.google.com/books/content?id=Cw6MlCXhN5MC&printsec=frontcover&img=1&zoom=1&edge=curl&source=gbs_api,,,,,ol_author,"[""Mental health""]",model,unreviewed,find,,
eb3f828c-6302-5f56-b857-5a089b065b75,The silent twins,Marjorie Wallace,1987,English,guessed,"When identical twins, June and Jennifer Gibbons were three they began to reject communication with anyone but each other, and so began a childhood bound together in a strange and secret world. As they grew up, love, hate and genius united to push them to the extreme margins of society and, following a five week spree of vandalism and arson, the silent twins were sentenced to a gruelling twelve-year detention in Broadmoor. Award-winning investigative journalist Marjorie Wallace delves into the twins' silent world, revealing their genius, alienation and the mystic bond by which the extremes of good and evil ended in possession and death.",https://covers.openlibrary.org/b/id/6981224-L.jpg,,,,,ol_author,"[""Peer pressure"", ""Loneliness and isolation"", ""Identity crisis""]",model,unreviewed,find,,
4c6cb5b3-048a-56e7-ab59-3ded1b4b5cb0,Whose mind is it anyway?,Marjorie Wallace,1988,English,guessed,"The astounding true story behind the major new motion picture starring Letitia Wright and Tamara Lawrance, with a new epilogue from the author 'A compelling and tragic story' Mail on Sunday When identical twins, June and Jennifer Gibbons were three they began to reject communication with anyone but each other, and so began a childhood bound together in a strange and secret world. As they grew up, love and hate united to push them to the extreme margins of society and, following a five week spree of vandalism and arson, the silent twins were sentenced to a gruelling twelve-year detention in Broadmoor. Award-winning investigative journalist Marjorie Wallace delves into the twins' silent world, revealing their genius, alienation and the mystic bond by which the extremes of good and evil ended in possession and death. 'Breathtaking' Independent 'Extraordinary' Oliver Sacks, New York Times Review of Books",https://books.google.com/books/content?id=gg9TjMIR0cIC&printsec=frontcover&img=1&zoom=1&edge=curl&source=gbs_api,,,,,ol_author,"[""Identity crisis""]",model,unreviewed,find,,
2b3ea63f-d5ea-5017-9d35-c074dc4be9be,The NGO Factor in Africa,Maurice Amutabi,2006,English,guessed,"The book breaks new ground in understanding the role of Non-Governmental Organizations (NGOs) in Africa. The book historicizes NGOs using the Rockefeller Foundation as a case study, looking at its tripartite paradoxical roles as an agent of colonialism, globalization and development/underdevelopment. It deploys interdisciplinary devices to show how the RF projects have engaged in marginalization, patronage and ‘othering’ of African values and customs and the ensuing controversies. Using globalization, postmodern and postcolonial theories the book deconstructs the long-held myths about NGO inviolability, and opens ground for understanding their strengths. It interrogates sites of contestation, apprehension and possibilities that the RF has produced. Using RF projects, it looks at structures of hegemony, race, power, class and gender that the RF has created. The book illustrates the extent to which the RF has been instrumental in spreading capitalism, imperialism in economic, political, cultural and social realms through globalization. It desists from the grand narrative approach that has dominated African history in the past but instead gives agency and voice to those that have previously been marginalized.",https://covers.openlibrary.org/b/id/1224084-L.jpg,,,,,ol_author,"[""Civic responsibility"", ""Community solidarity"", ""Environmental conservation""]",model,unreviewed,find,,
eabf2301-e1c2-51fc-a387-8331d8ed3c14,Regime Change and Succession Politics in Africa,Maurice N. Amutabi,2013,English,guessed,"Bringing together scholars from a wide array of disciplines - including anthropology, economics, history, sociology, and political science - this volume addresses the problems of the regime change and state failure in Africa in the context of the global economy, but from a specifically African perspective, arguing that the underdevelopment of the African economy is linked to the underdevelopment of the continents' nation states.",https://books.google.com/books/content?id=Gow8JDgeZSoC&printsec=frontcover&img=1&zoom=1&edge=curl&source=gbs_api,,,,,ol_author,"[""Bad governance"", ""Resource exploitation"", ""Generational conflict""]",model,unreviewed,find,,
220e4a91-115c-5236-aced-e9ad8ab2aef4,Baba Pesa,Meja Mwangi,2007,English,guessed,"Brutish Baba Pesa, 'The Father of Money', owns 300 acres of prime farm land, yet he covets the meager plot of his poverty-stricken neighbor, Baru, who barely scratches out an existence. But Baba Pesa is up against his son, Juda, a drunk, who has declared war on his father's greed and taken to lecturing his fellow villagers on the greater values in life.",https://books.google.com/books/content?id=IYi5tAEACAAJ&printsec=frontcover&img=1&zoom=1&source=gbs_api,,,,,ol_author,"[""Greed"", ""Agriculture and food security"", ""Resource exploitation""]",model,unreviewed,find,,
7d3db4de-5186-5ad4-906e-7d1156e8ce56,Boy Gift,Meja Mwangi,2002,English,guessed,"Toma Tomei had nine daughters, but wants a son so that he can become Chief Councillor and leader of his peoples. His political rival Old Jonah opposes his ambition, and consults a witchdoctor to try and ensure Toma will never beget a son. When Toma's wife gives birth to a baby boy however, it seems his plotting has failed. But then, the boys' looks suggest Toma may not be the father after all...",https://covers.openlibrary.org/b/id/2998868-L.jpg,,,,,ol_author,"[""Parent-child relationships"", ""Selfishness""]",model,unreviewed,find,,
aea1f873-9b62-5f2a-912d-044387e393f6,Burying Caesar,Meja Mwangi,2023,English,metadata,"This study offers a literary history of the war novel in Africa. Coundouriotis argues that this genre, aimed more specifically at African readers than the continent’s better-known bildungsroman tradition, nevertheless makes an important intervention in global understandings of human rights. The African war novel lies at the convergence of two sensibilities it encounters in European traditions: the naturalist aesthetic and the discourse of humanitarianism, whether in the form of sentimentalism or of human rights law. Both these sensibilities are present in culturally hybrid forms in the African war novel, reflecting its syncretism as a narrative practice engaged with the colonial and postcolonial history of the continent. The war novel, Coundouriotis argues, stakes claims to collective rights that contrast with the individualism of the bildungsroman tradition. The genre is a form of people’s history that participates in a political struggle for the rights of the dispossessed.",https://books.google.com/books/content?id=HpOUDwAAQBAJ&printsec=frontcover&img=1&zoom=1&edge=curl&source=gbs_api,Independently Published book edition,,88-565-2671-3,,wikidata,[],no_confident_theme,unreviewed,find,,
76760eeb-da2c-5c7f-8d9d-703e380e3044,Carcase for Hounds,Meja Mwangi,1974,English,metadata,,https://books.google.com/books/content?id=7H2YFi-0f0QC&printsec=frontcover&img=1&zoom=1&edge=curl&source=gbs_api,,,,/works/OL3830681W,wikidata,[],insufficient_text,unreviewed,find,,
3ee25a65-7bf1-5a41-b935-55e35c4f4889,Christmas Without Tusker,Meja Mwangi,2017,English,metadata,"CHRISTMAS WITHOUT TUSKER When their women close the bars and force them to spend Christmas at home, Kambi men realise they have made a big mistake allowing women to run the traditionally male-controlled bar business. There is anxiety and disaffection, as the townsmen men prepare to confront the unthinkable, a tusker-free Christmas. In this novel Meja Mwangi revives Kambi market's hard men, and their harder women, and the characters that made ""Baba Pesa"" such a fun read. Mwangi's keen eye for the drama and humor in everyday life shines through his work.",https://books.google.com/books/content?id=4urMwAEACAAJ&printsec=frontcover&img=1&zoom=1&source=gbs_api,,,,OL40716351W,wikidata,"[""Selfishness""]",model,unreviewed,find,,
ce1dbee0-1d26-59e7-a0b3-6b7d660bb64f,Cockroach Dance,Meja Mwangi,1990,English,guessed,"Dusman Gonzaga lives in an old apartment building overrun by cockroaches and squalor. The building, Dacca House, is owned by Tumbo Kubwa, a mindless slum lord, and occupied by a strange mix of characters; from garbage collectors to hawkers, from con men to witch doctors from genii to mad men. In this crazy world of wild adventures and appalling poverty, Dusman tries to organize the tenants to boycott paying rent in a desperate move to force the landlord to listen to their woes.",https://covers.openlibrary.org/b/id/4683907-L.jpg,,,,,ol_author,"[""Land and displacement"", ""Bad governance""]",model,unreviewed,find,,
8d9c269a-2af7-5b6e-bb23-f62f63303882,Crossroads,Meja Mwangi,2013,English,guessed,"The plague is killing off Crossroads leaving orphans and old people to fend for themselves. It seems they will all perish, unless it is stopped fast, but the community is in denial. Hope lies in Janet, the lone community health activist who has made it her duty to speak openly about aids, despite the taboo and the stigma attached to it.",https://books.google.com/books/content?id=ZVJ7tAEACAAJ&printsec=frontcover&img=1&zoom=1&source=gbs_api,,,,,ol_author,"[""Environmental conservation"", ""Hope and despair"", ""Loneliness and isolation""]",model,unreviewed,find,,
d8e6da9c-33c5-5413-b0a4-efd338c5c438,Going Down River Road,Meja Mwangi,2014,English,metadata,"After an exhausting day of hard labour, Ben finds oblivion in the seedy bars and clubs of River Road – anything to leave his cockroach-infested rooms and ignore the reality of living paycheck to paycheck. At times, it's difficult to remember that it wasn't always this way. Somehow, he went from a promising career as a soldier to a disgraceful dismissal and a steady decline into poverty. Now the only thing Ben has left to lose is hope. Writing with colourful realism, Meja Mwangi paints an unforgettable depiction of life in Nairobi's slums – drawing attention to the hardships of the working poor and their disillusion with uncaring politicians. '[Mwangi is] among the leading Kenyan writers.' New York Times 'Riveting.' Guardian 'The finest African novel ever.' Professor Ibrahim Bello Kano",https://books.google.com/books/content?id=2wPbEAAAQBAJ&printsec=frontcover&img=1&zoom=1&edge=curl&source=gbs_api,Houghton Mifflin Harcourt,,0-9820126-3-2,,wikidata,"[""Hard work"", ""Laziness""]",model,unreviewed,find,,
d200b89d-7562-5107-a77d-4a15ca19b2c3,Kill Me Quick,Meja Mwangi,1973,,,,https://books.google.com/books/content?id=u-aSZrcog0UC&printsec=frontcover&img=1&zoom=1&edge=curl&source=gbs_api,,,,/works/OL3830685W,wikidata,[],insufficient_text,unreviewed,find,,
c1229009-abda-5580-acb8-3ce882c67704,Mama Dudu,Meja Mwangi,2013,English,guessed,A scientist scoffs at the curse of a starving nomad and gives birth to a nightmare.,https://books.google.com/books/content?id=ba6gngEACAAJ&printsec=frontcover&img=1&zoom=1&source=gbs_api,,,,,ol_author,"[""Ignorance"", ""Climate and nature"", ""Laziness""]",model,unreviewed,find,,
c65c9d66-2c4f-524d-bb72-e9f0e5c2196e,Striving for the wind,Meja Mwangi,1990,English,guessed,,https://books.google.com/books/content?id=OM3pbHGr9pUC&printsec=frontcover&img=1&zoom=1&edge=curl&source=gbs_api,,,,/works/OL12836039W,ol_author,[],insufficient_text,unreviewed,find,,
8df27440-2081-5928-8bd8-6ebb59b892fb,The Big Chiefs,Meja Mwangi,2017,English,metadata,,https://books.google.com/books/content?id=iBArAQAAIAAJ&printsec=frontcover&img=1&zoom=1&source=gbs_api,Amazon Publishing,,,OL41694514W,wikidata,[],insufficient_text,unreviewed,find,,
b12b39cc-7bbf-5c8b-a32f-f5a7c23e07c8,The Cockroach Dance,Meja Mwangi,2013,English,metadata,"Dusman Gonzaga lives in an old apartment building overrun by cockroaches and squalor. The building, Dacca House, is owned by Tumbo Kubwa, a mindless slum lord, and occupied by a strange mix of characters; from garbage collectors to hawkers, from con men to witch doctors from genii to mad men. In this crazy world of wild adventures and appalling poverty, Dusman tries to organize the tenants to boycott paying rent in a desperate move to force the landlord to listen to their woes.",https://books.google.com/books/content?id=to6ovQ8TGCAC&printsec=frontcover&img=1&zoom=1&edge=curl&source=gbs_api,Houghton Mifflin Harcourt,,1-5485-8057-0,,wikidata,"[""Land and displacement"", ""Bad governance""]",model,unreviewed,find,,
36d0b145-da31-55e8-a709-15f3150503fd,The Mzungu Boy,Meja Mwangi,2006,English,guessed,"Winner, Children's Africana Book Award - Best Book for Older Readers For young Kariuki, life in a small village in central Kenya is one great adventure. And when he meets Nigel life becomes even more interesting. Nigel is from England and he has come to visit his great grandfather, the fearsome Bwana Ruin who owns the farm where all the villagers work. The villagers call Nigel the mzungu boy, and they view him with suspicion and fear. Nevertheless, Kariuki becomes friends with Nigel and the two spend happy days exploring the forest together. Then one day the two boys decide to hunt down Old Moses, the biggest, ugliest, oldest and meanest warthog in the forest. The hunt takes them deeper into the jungle than Kariuki has ever gone, and his beloved forest becomes a frightening place, filled with dangerous creatures, including the Mau-mau, the mysterious men who have guns and are plotting against Bwana Ruin and the white soldiers. And when Nigel suddenly disappears, Kariuki realizes that it is up to him to save his friend.",https://books.google.com/books/content?id=NQFnDwAAQBAJ&printsec=frontcover&img=1&zoom=1&edge=curl&source=gbs_api,,,,,wikidata,"[""Parent-child relationships"", ""Generational conflict"", ""Conflict in families""]",model,unreviewed,find,,
754913ce-f501-5c7b-a160-bb1a9755a941,The bushtrackers,Meja Mwangi,1979,English,guessed,,https://covers.openlibrary.org/b/id/8473801-L.jpg,,,,/works/OL12836040W,ol_author,[],insufficient_text,unreviewed,find,,
b7eed6b6-8824-5bae-98dc-6e528984d672,The last plague,Meja Mwangi,2000,English,guessed,This is one of the most stirring tales from the folklore of East and Central Africa. Mugasha is a deity-king who harness natural elements and uses them to recapture the usurped kingdom of his father. He is in many ways a symbol of the indefatigable human zeal in the search for liberty and justice.,https://covers.openlibrary.org/b/id/2304752-L.jpg,,,,,ol_author,"[""Traditional beliefs"", ""Environmental conservation"", ""Climate and nature""]",model,unreviewed,find,,
a5154acf-1919-531f-96b3-6df22602e765,The return of Shaka,Meja Mwangi,1989,English,guessed,,https://books.google.com/books/content?id=ZkQgAQAAIAAJ&printsec=frontcover&img=1&zoom=1&source=gbs_api,,,,/works/OL3830674W,ol_author,[],insufficient_text,unreviewed,find,,
6610f2af-7220-545a-8cda-d3dbc5251feb,WEAPON OF HUNGER,Meja Mwangi,2013,English,metadata,"Through fiction, the world described in Weapon of Hunger has a definite locale in the African continent held at ransom by multitudes of problems, partly self-inflicted, partly caused by the ravages of nature. In this novel Meja Mwangi brings these problems to world attention in a manner that never declines to apathy yet the skill captivates. Weapon of Hunger is an engrossing piece that takes us to this dehumanised land of want. Mwangi's treatment of the serious situation makes an unforgettable impact.",https://books.google.com/books/content?id=CZG7swEACAAJ&printsec=frontcover&img=1&zoom=1&source=gbs_api,Amazon Kindle,,,,wikidata,"[""Greed"", ""Agriculture and food security""]",model,unreviewed,find,,
f5e315b1-cb68-5ef8-9821-ceb44640edd7,A nurse with a song,Miriam Khamadi Were,1978,English,guessed,"Matatu is a journal on African literatures and societies dedicated to interdisciplinary dialogue between literary and cultural studies, historiography, the social sciences and cultural anthropology. Matatu is animated by a lively interest in African culture and literature (including the Afro-Caribbean) that moves beyond worn-out clichés of ""cultural authenticity"" and ""national liberation"" towards critical exploration of African modernities. The East African public transport vehicle from which Matatu takes its name is both a component and a symbol of these modernities: based on ""Western"" (these days usually Japanese) technology, it is a vigorously African institution; it is usually regarded with some anxiety by those travelling in it, but is often enough the only means of transport available; it creates temporary communicative communities and provides a transient site for the exchange of news, storytelling, and political debate. Matatu is firmly committed to supporting democratic change in Africa, to providing a forum for interchanges between African and European critical debates, to overcoming notions of absolute cultural, ethnic, or religious alterity, and to promoting transnational discussion on the future of African societies in a wider world. Matatu will be published as journal as of 2016. All back volumes are still available in print.",https://books.google.com/books/content?id=sN37EAAAQBAJ&printsec=frontcover&img=1&zoom=1&edge=curl&source=gbs_api,,,,,ol_author,[],no_confident_theme,unreviewed,find,,
cbddee15-eb89-5f69-9a1a-dc6ae19cc5a8,Organization and management of community-based health care,Miriam Khamadi Were,1985,English,guessed,,https://books.google.com/books/content?id=lFpGAQAAMAAJ&printsec=frontcover&img=1&zoom=1&edge=curl&source=gbs_api,,,,/works/OL4436599W,ol_author,[],insufficient_text,unreviewed,find,,
6a03bfd2-6ae9-5f93-80ed-2098f69895bd,Research notes,Miriam Khamadi Were,1985,,,,https://books.google.com/books/content?id=LkkRGTt1owYC&printsec=frontcover&img=1&zoom=1&edge=curl&source=gbs_api,,,,/works/OL4436600W,ol_author,[],insufficient_text,unreviewed,find,,
ef4a5f78-1448-5565-8e00-1f787a56ca0e,The boy in between,Miriam Khamadi Were,1969,English,guessed,"As he grows up, Namunyu finds himself the ""in-between"" son in his family, too young to join in with his big brother but too old to be one of the little ones. It would be a frustrating situation for a less lively and enterprising boy, but Namunyu's reaction is determination to make his own place in the world-and to become a Makerere student one day.",https://books.google.com/books/content?id=s9Q7AQAAIAAJ&printsec=frontcover&img=1&zoom=1&source=gbs_api,,,,,ol_author,"[""Generational conflict"", ""Parent-child relationships"", ""Conflict in families""]",model,unreviewed,find,,
d4b7c779-034c-5e52-b1af-fd3c4bc75115,The eighth wife,Miriam Khamadi Were,1972,English,guessed,"Kurtz's analysis the development of the Kenyan novel in English emphasizes the historical contingencies affecting the production of literature in Kenya, and how succeeding generations have drawn from and expanded the thematic repertoire established by the 'first generation' of works in the 1960s.He explores the relationship between the novel and the city, and how obsessions and fears about the urbanization have been expressed and represented through different generations of Kenyan writers. Kurtz has also put together the first annotated bibliography of all the anglophone Kenyan novels that have appeared since Ngugi wa Thiong'o wrote Weep Not, Child.Ngugi's Weep Not, Child made an immediate impact on its publication in 1964. Since then hundreds of novels by Kenyans have been published. This is a comprehensive introduction to the postcolonial novel in English. Three broad areas are identified: -- the first generation of the sixties -- the 'golden age' of the seventies -- and the years after Kenyatta in the 80s and 90sA unifying feature is an uneasy but marked emphasis on the city-particularly Nairobi. The city is used by novelists as both the site and the symbol for a range of obsessions and fears about postcolonial society. There is particular emphasis on the changing ways in which the city has been portrayed since Ngugi's first novel, the relation of popular literature to the city, the portrayal of women in the city and the special status of Meja Mwangi's urban novels.",https://books.google.com/books/content?id=6Mdei1-NHu0C&printsec=frontcover&img=1&zoom=1&edge=curl&source=gbs_api,,,,,ol_author,"[""Urban vs rural life"", ""Urbanization""]",model,unreviewed,find,,
ae9c722e-fdfb-567e-886d-8d044f63a4a2,The high school gent,Miriam Khamadi Were,1972,English,guessed,,https://books.google.com/books/content?id=W0IgAQAAIAAJ&printsec=frontcover&img=1&zoom=1&source=gbs_api,,,,/works/OL4436604W,ol_author,[],insufficient_text,unreviewed,find,,
e1d2145d-5ec7-5442-9d9d-7ff6a2430237,Your heart is my altar,Miriam Khamadi Were,1980,English,guessed,,https://books.google.com/books/content?id=TL4IAQAAIAAJ&printsec=frontcover&img=1&zoom=1&source=gbs_api,,,,/works/OL4436601W,ol_author,[],insufficient_text,unreviewed,find,,
6ac73daa-f938-5766-ace6-ca9665a1d008,Your heart is my heart,Miriam Khamadi Were,1980,English,guessed,"Kurtz's analysis the development of the Kenyan novel in English emphasizes the historical contingencies affecting the production of literature in Kenya, and how succeeding generations have drawn from and expanded the thematic repertoire established by the 'first generation' of works in the 1960s.He explores the relationship between the novel and the city, and how obsessions and fears about the urbanization have been expressed and represented through different generations of Kenyan writers. Kurtz has also put together the first annotated bibliography of all the anglophone Kenyan novels that have appeared since Ngugi wa Thiong'o wrote Weep Not, Child.Ngugi's Weep Not, Child made an immediate impact on its publication in 1964. Since then hundreds of novels by Kenyans have been published. This is a comprehensive introduction to the postcolonial novel in English. Three broad areas are identified: -- the first generation of the sixties -- the 'golden age' of the seventies -- and the years after Kenyatta in the 80s and 90sA unifying feature is an uneasy but marked emphasis on the city-particularly Nairobi. The city is used by novelists as both the site and the symbol for a range of obsessions and fears about postcolonial society. There is particular emphasis on the changing ways in which the city has been portrayed since Ngugi's first novel, the relation of popular literature to the city, the portrayal of women in the city and the special status of Meja Mwangi's urban novels.",https://books.google.com/books/content?id=6Mdei1-NHu0C&printsec=frontcover&img=1&zoom=1&edge=curl&source=gbs_api,,,,,ol_author,"[""Urban vs rural life"", ""Urbanization""]",model,unreviewed,find,,
d73342c0-d7d1-5bf2-844f-ba6d3897362c,Links of a Chain,Monica Genya,,English,guessed,"Kenya is suddenly rocked by a mysterious wave of high-level murders. Who is behind it? and why are the Cabinet being targeted? Christopher Mathenge sets out to find the answers, and finds himself in an intricate web of love, romance, deceit, murder and death.",https://books.google.com/books/content?id=O_I0fGyyvwQC&printsec=frontcover&img=1&zoom=1&edge=curl&source=gbs_api,,,,,wikidata,"[""Corruption and governance"", ""Wealth and materialism"", ""Leadership and betrayal""]",model,unreviewed,find,,
a3b36ed5-3cd7-54bb-8f97-ae610b3700be,The other side of love,Monica Genya,2004,English,guessed,,https://covers.openlibrary.org/b/id/4265642-L.jpg,,,,/works/OL2616035W,ol_author,[],insufficient_text,unreviewed,find,,
9690a32b-54aa-5cf5-b3c5-38f9efb4fa21,The wrong kind of girl,Monica Genya,2004,English,guessed,,https://covers.openlibrary.org/b/id/4253598-L.jpg,,,,/works/OL2616036W,ol_author,[],insufficient_text,unreviewed,find,,
204223eb-321b-56cf-8361-9230d8db4699,Shifting sands,Moraa Gitaa,2012,English,guessed,"Kemu aspires to be a writer but life with its vicissitudes doesn't make her dream an easy one, in this intriguing tale of enduring encounters of living a moral and ethical life, placing its own challenges on friendships cemented from early childhood and school.",https://books.google.com/books/content?id=7okDuwAACAAJ&printsec=frontcover&img=1&zoom=1&source=gbs_api,,,,,ol_author,"[""Dreams and ambitions"", ""Selfishness""]",model,unreviewed,find,,
6b908e6e-c58b-555d-860e-1cd17b898f9b,The shark attack,Moraa Gitaa,2014,English,guessed,"Young Kadzo, Kenga and Issa are locked in a habit which doubles as their ‘job’. They find the business to be fulfilling and enriching. A strong tide blows off the nest and Kadzo becomes a victim of a shark attack in the deep sea while working for Big Man. Kadzo ends up losing a leg. The agile three have to make a decision. Will they rise above the tide and realise that they have been risking their health, life and freedom to make Big Man, the drug baron, richer and richer? Will Kadzo allow Big Man to escape with his deeds? The Shark Attack is a moving account of drug abuse and trafficking. The story draws attention to how the habit is nurtured by corruption and greed. It is told in a realistic and relatable voice of a teenage victim.",https://books.google.com/books/content?id=IuDSDwAAQBAJ&printsec=frontcover&img=1&zoom=1&edge=curl&source=gbs_api,,,,,ol_author,"[""Morality and ethics""]",model,unreviewed,find,,
fc6c9f04-15c3-5dda-b206-a673a2abf65d,Fighting Without Ceasing,Muthoni Likimani,2005,,,,https://books.google.com/books/content?id=vUoFAQAAIAAJ&printsec=frontcover&img=1&zoom=1&source=gbs_api,,,,/works/OL10259910W,ol_author,[],insufficient_text,unreviewed,find,,
1b392f45-a515-5290-9262-c560ea9e732f,Passbook number F.47927,Muthoni Likimani,1985,English,guessed,"This book examines the complexities of women’s lives in Africa and the transnational spaces of Europe and North America through the literary works of key African women writers. Using a postcolonial analytical framework, the book highlights the commonalities of African women’s identities and experiences across national, ethnic, linguistic, and religious boundaries in Africa and in western settings. It collates the multi-regional narratives of key African women writers who convey how women’s lives are shaped by social, economic, and political factors at home and abroad. It also illustrates the intersection of ethnicity, class, and gender that flows through all the texts examined. Unlike existing works that explore African women’s fiction, this book uncovers the transformation from postcolonial themes of nationhood to global modalities of post-independence writing through the lens of gender. The book engages with feminist expression through broad themes including religion, war and ethnic conflict, women’s status in society, tradition and modernity and local and global tensions. A unique approach to literary criticism of Anglophone African women’s writing, this book will be of interest to scholars and students in the field of African Literature, African Studies, Women’s Literature, Postcolonial Literature, Cultural and Ethnic Studies and Migration and Diaspora Studies.",https://covers.openlibrary.org/b/id/5370602-L.jpg,,,,,ol_author,"[""Gender roles and feminism""]",model,unreviewed,find,,
d046dcb2-5e4e-59f5-9192-97e1dbe6eee8,They Shall Be Chastised,Muthoni Likimani,1991,,,,https://books.google.com/books/content?id=nDQmAQAAIAAJ&printsec=frontcover&img=1&zoom=1&source=gbs_api,,,,/works/OL10259912W,ol_author,[],insufficient_text,unreviewed,find,,
9e69b61d-0939-57f5-bad4-f4766fd003e2,What does a man want?,Muthoni Likimani,1974,English,guessed,,https://books.google.com/books/content?id=LvZAAQAAIAAJ&printsec=frontcover&img=1&zoom=1&source=gbs_api,,,,/works/OL10259913W,ol_author,[],insufficient_text,unreviewed,find,,
c684c4ac-a03f-5c6d-8a81-24d2e1a6fbd6,African Animal Tales,Mwenye Hadithi,2017,English,guessed,"An African tale with a traditional feel, celebrating the speed and grace of the Cheetah - a brand-new title in this successful series of African folktales. Long ago, Cheetah was sandy-coloured and lay snoozing all day on the Great African Plain. There was no need to run to hunt because animals tripped over her. But one day there is a fire, and all the other animals are fleeing. This is the story of how Cheetah got her markings, and discovered that she can run as fast as the wind. The first book in the series - Greedy Zebra - was published in 1984 and the series has stayed in print ever since. Praise for the series: 'Their books are beautiful to look at and to feel, and perect for reading aloud.' School Librarian 'A delightful book.' Books For Keeps",https://books.google.com/books/content?id=ZPRLvgAACAAJ&printsec=frontcover&img=1&zoom=1&source=gbs_api,,,,,ol_author,"[""Environmental conservation"", ""Naming and symbolism""]",model,unreviewed,find,,
f27b2f66-6435-5703-98f4-49878f9263f7,Baby Baboon (Picture Knight),Mwenye Hadithi,1994,English,guessed,"Every child is entranced by the magic of story, regardless of national boundaries. Many of the most memorable childhood stories have their origins in other countries. Exposing children to this multi-national body of literature introduces them to the great diversity of people and cultures that populate the world at a young age, enabling them to become more thoughtful and generous individuals. Children's Books from Other Countries is a complete and current guide to international children's literature. The concept of a bibliography of international children's literature is not new. In the past, many books have accomplished this task. The last two decades, however, have not yet produced a current reference source devoted to international children's books. Children's Books from Other Countries wonderfully rectifies this lack of attention. An introductory essay provides an overview of the field including a discussion on the rationale of sharing international books with children, a brief history of the children's literature movement, related books and awards, and basic information about the International Board on Books for Young People (IBBY) and its American branch, the United States Board on Books for Young People (USBBY). An annotated bibliography contains over 700 titles from 29 different countries printed between 1950 and 1996. All titles are available in English; many have been translated and others have originated in other English-speaking countries. The titles are organized by genre and have been selected for their high quality. They are primarily targeted for children ages 0-14, although a few outstanding young adult titles are included. Winners of the Mildred Batchelder Award and the Hans Christian Andersen Medal are listed in the appendix. Indexes include Author-Title Index, Country of Origin Index, and Subject Index. Affordable and readable, this timely resource is certainly a ""must"" for librarians and teachers, and other professionals working with children. Sponsored by the United State",https://covers.openlibrary.org/b/id/201873-L.jpg,,,,,ol_author,"[""Parent-child relationships"", ""Generational conflict""]",model,unreviewed,find,,
d54bc7ec-94ef-577d-90fa-1f9221e558d7,Cong ming de bian se long,Mwenye Hadithi,2011,,,,https://covers.openlibrary.org/b/id/12980757-L.jpg,,,,/works/OL29248073W,ol_author,[],insufficient_text,unreviewed,find,,
d28d0929-4843-55c4-864a-c2cd7f49bc7b,Crafty Chameleon (Picture Knight),Mwenye Hadithi,1988,English,guessed,"Every child is entranced by the magic of story, regardless of national boundaries. Many of the most memorable childhood stories have their origins in other countries. Exposing children to this multi-national body of literature introduces them to the great diversity of people and cultures that populate the world at a young age, enabling them to become more thoughtful and generous individuals. Children's Books from Other Countries is a complete and current guide to international children's literature. The concept of a bibliography of international children's literature is not new. In the past, many books have accomplished this task. The last two decades, however, have not yet produced a current reference source devoted to international children's books. Children's Books from Other Countries wonderfully rectifies this lack of attention. An introductory essay provides an overview of the field including a discussion on the rationale of sharing international books with children, a brief history of the children's literature movement, related books and awards, and basic information about the International Board on Books for Young People (IBBY) and its American branch, the United States Board on Books for Young People (USBBY). An annotated bibliography contains over 700 titles from 29 different countries printed between 1950 and 1996. All titles are available in English; many have been translated and others have originated in other English-speaking countries. The titles are organized by genre and have been selected for their high quality. They are primarily targeted for children ages 0-14, although a few outstanding young adult titles are included. Winners of the Mildred Batchelder Award and the Hans Christian Andersen Medal are listed in the appendix. Indexes include Author-Title Index, Country of Origin Index, and Subject Index. Affordable and readable, this timely resource is certainly a ""must"" for librarians and teachers, and other professionals working with children. Sponsored by the United State",https://covers.openlibrary.org/b/id/1183492-L.jpg,,,,,ol_author,"[""Generational conflict"", ""Parent-child relationships""]",model,unreviewed,find,,
9ae29837-8af7-5af4-9f76-a3a1a8e93621,Gardening in East Africa,Mwenye Hadithi,1995,English,guessed,,https://books.google.com/books/content?id=F3pWFxsiHa4C&printsec=frontcover&img=1&zoom=1&source=gbs_api,,,,/works/OL23645314W,ol_author,[],insufficient_text,unreviewed,find,,
1116051d-9728-5ffc-acc4-5d7f9d502e1b,Greedy zebra,Mwenye Hadithi,1984,English,guessed,"Relates how the animals of the world, once all a dull color, acquired their furs and spots and stripes and horns, and how Zebra's greedy appetite caused him to get his particular coloring.",https://covers.openlibrary.org/b/id/4235260-L.jpg,,,,,ol_author,"[""Climate and nature""]",model,unreviewed,find,,
edbfff13-fb48-5a8f-a48a-d0ef8afb2fe8,Handsome Hog (African Animal Tales),Mwenye Hadithi,2010,English,guessed,"A brand-new title in this much-loved series of ethnic folktales, bursting with colour and vitality by an award-winning team.",https://covers.openlibrary.org/b/id/8406951-L.jpg,,,,,ol_author,"[""Naming and symbolism""]",model,unreviewed,find,,
568020cf-7945-5b81-ae37-4aae0f465419,Hot Hippo (Picture Knight),Mwenye Hadithi,1986,English,guessed,"A down-to-earth guide for anyone traveling overseas with children, whether on a two-week family vacation or a long-stay posting in the developing world.",https://covers.openlibrary.org/b/id/201520-L.jpg,,,,,ol_author,"[""Peer pressure"", ""Selfishness""]",model,unreviewed,find,,
d42daff4-9e8d-56fe-baa4-a101c1c0f7bd,Hungry Hyena (Picture Knight),Mwenye Hadithi,1994,English,guessed,"Every child is entranced by the magic of story, regardless of national boundaries. Many of the most memorable childhood stories have their origins in other countries. Exposing children to this multi-national body of literature introduces them to the great diversity of people and cultures that populate the world at a young age, enabling them to become more thoughtful and generous individuals. Children's Books from Other Countries is a complete and current guide to international children's literature. The concept of a bibliography of international children's literature is not new. In the past, many books have accomplished this task. The last two decades, however, have not yet produced a current reference source devoted to international children's books. Children's Books from Other Countries wonderfully rectifies this lack of attention. An introductory essay provides an overview of the field including a discussion on the rationale of sharing international books with children, a brief history of the children's literature movement, related books and awards, and basic information about the International Board on Books for Young People (IBBY) and its American branch, the United States Board on Books for Young People (USBBY). An annotated bibliography contains over 700 titles from 29 different countries printed between 1950 and 1996. All titles are available in English; many have been translated and others have originated in other English-speaking countries. The titles are organized by genre and have been selected for their high quality. They are primarily targeted for children ages 0-14, although a few outstanding young adult titles are included. Winners of the Mildred Batchelder Award and the Hans Christian Andersen Medal are listed in the appendix. Indexes include Author-Title Index, Country of Origin Index, and Subject Index. Affordable and readable, this timely resource is certainly a ""must"" for librarians and teachers, and other professionals working with children. Sponsored by the United State",https://covers.openlibrary.org/b/id/1183717-L.jpg,,,,,ol_author,"[""Parent-child relationships"", ""Generational conflict""]",model,unreviewed,find,,
f1016962-04e0-57ba-b136-8aa368337c68,Laughing Giraffe,Mwenye Hadithi,2008,English,guessed,A giraffe learns that being loudest does not necessarily get the message across best.,https://covers.openlibrary.org/b/id/9872153-L.jpg,,,,,ol_author,"[""Honesty vs dishonesty""]",model,unreviewed,find,,
923620ea-11d8-516b-961e-7df7e7ce6477,Lazy Lion (Picture Knight),Mwenye Hadithi,1990,English,guessed,"Contains more than six hundred circle time and group activities designed by teachers to use with children three to six years old, each including a suggested age, a list of materials, and step-by-step directions, and features lists of related books, songs, and poems.",https://covers.openlibrary.org/b/id/201789-L.jpg,,,,,ol_author,"[""Laziness""]",model,unreviewed,find,,
3bb525e2-ce67-589d-8091-32cd8bae5a81,Tricky Tortoise,Mwenye Hadithi,1988,English,guessed,"Tortoise outsmarts Elephant by proving he can jump right over the elephant's ""tiny and stupid"" head.",https://covers.openlibrary.org/b/id/7386293-L.jpg,,,,,ol_author,"[""Laziness""]",model,unreviewed,find,,
857c3237-ec6c-5429-995c-891d46775eec,African orature and human rights,Mĩcere Gĩthae Mũgo,1991,English,guessed,,https://books.google.com/books/content?id=bd4tAQAAIAAJ&printsec=frontcover&img=1&zoom=1&source=gbs_api,,,,/works/OL3737647W,ol_author,[],insufficient_text,unreviewed,find,,
bb553b9b-416a-5c31-879d-c36d08fdb3cd,"African orature and human rights in Gikuyu, Shona, and Ndebele zamani cultures",Mĩcere Gĩthae Mũgo,2004,English,guessed,,https://books.google.com/books/content?id=MF8wAQAAIAAJ&printsec=frontcover&img=1&zoom=1&source=gbs_api,,,,/works/OL3737648W,ol_author,[],insufficient_text,unreviewed,find,,
bb461966-525c-55a7-94cd-51c509d41293,Art of Resistance,Mĩcere Gĩthae Mũgo,2017,English,guessed,"This book of essays, co-edited by Micere Githae Mugo and Herbert Ruffin II, is the latest critical volume of essays on the late Achebe, celebrating him as an iconic literature and oratory genius. The essays also reflect upon ways in which Achebe's writings and teachings, viewed as examples of the art of resistance,' have impacted Africa, the so-called 'Third World'/Global South, as well as the world at large more than fifty years since the publication of the much decorated Arrow of God.",https://books.google.com/books/content?id=0uIftAEACAAJ&printsec=frontcover&img=1&zoom=1&source=gbs_api,,,,,ol_author,"[""Resistance and struggle"", ""Hard work""]",model,unreviewed,find,,
40ccea52-8681-5284-9f3d-bd0dc28834e1,"Daughter of my people, sing!",Mĩcere Gĩthae Mũgo,1976,English,guessed,,https://books.google.com/books/content?id=q73pAAAAMAAJ&printsec=frontcover&img=1&zoom=1&source=gbs_api,,,,/works/OL3737649W,ol_author,[],insufficient_text,unreviewed,find,,
d698895e-f595-5e6e-830a-6afba766df0d,Imperative of Utu / Ubuntu in Africana Scholarship,Mĩcere Gĩthae Mũgo,2021,English,guessed,"Written in commemoration of the 50th anniversary of Africana Studies and Research Center, Cornell University, this publication celebrates the birth of Black studies as a liberated academic zone. Professor Mũgo reflects upon the significance of Africana studies, specifically within the context of America's predominantly White universities, revisiting the hers/his/torical context that birthed Black studies as a field of knowledge. She reflects on the ownership of knowledge, its production, dissemination and custodianship while proposing utu/ubuntu as imperatives in defining transformative education. The hypothesis and heart of the argument is that knowledge and scholarship can either be colonizing, alienating and enslaving; or, alternatively, they can be conscientizing, humanizing and liberating, creating new human beings with the agency to transform life and the world, for the better. he dismisses the false myth of dominating, colonizing and imperialist cultures that claim to have a monopoly of knowledge and whose purpose is to justify the dehumanization of the conquered, the attempted erasure of their knowledges, heritages and ultimately, entire cultures.",https://books.google.com/books/content?id=RWePzgEACAAJ&printsec=frontcover&img=1&zoom=1&source=gbs_api,,,,,ol_author,"[""Environmental conservation"", ""Education and opportunity"", ""Indigenous knowledge""]",model,unreviewed,find,,
17ce928e-71f6-5941-820a-ea5029dbc03f,"Muthoni wa Kirima, Mau Mau woman field marshal",Mĩcere Gĩthae Mũgo,2004,,,,https://books.google.com/books/content?id=MF4wAQAAIAAJ&printsec=frontcover&img=1&zoom=1&source=gbs_api,,,,/works/OL3737650W,ol_author,[],insufficient_text,unreviewed,find,,
9d628742-f5c2-5eb4-8694-1947f3fda4f2,My Mother's Poem and Other Songs,Mĩcere Gĩthae Mũgo,1998,English,metadata,"The spirit of the poetic flowering of the 1960s is encapsulated in this comprehensive anthology. The collection gives voice to some fifty poets from Kenya, Uganda and Zambia, writing in English. The diversity of the interests and styles of the individual poets is illustrated: a blend of the gentle lyricism that is a feature of East African writing. All the major poets are included, and many not so well known. Amongst the best known are Jared Angira, Jonathan Kariara, Joseph Kariuki, Taban Lo Liyong, Okot p'Bitek, and David Rubadiri - one of the editors.",https://books.google.com/books/content?id=5O_Erc2ujDQC&printsec=frontcover&img=1&zoom=1&edge=curl&source=gbs_api,"East African Educational Publishers, Kenya",978-9966-46-499-6,9966-46-499-9,,wikidata,"[""Folklore and oral traditions"", ""Traditional beliefs"", ""Language and identity""]",model,unreviewed,find,,
45cd29c8-ae98-591c-94c2-e8c8a6077754,The Trial of Dedan Kimathi,Mĩcere Gĩthae Mũgo,1977,English,metadata,,,,978-0-435-90191-2,0-435-90191-5,,wikidata,[],insufficient_text,unreviewed,find,,
8ed6b76f-9a6f-552c-9aae-029e7ed4dae8,The long illness of ex-Chief Kiti,Mĩcere Gĩthae Mũgo,1976,English,guessed,,,,,,/works/OL3737654W,ol_author,[],insufficient_text,unreviewed,find,,
04328800-2d29-5afd-8606-ed00202715f5,Visions of Africa,Mĩcere Gĩthae Mũgo,1978,English,guessed,"Micere Mugo's latest work is a powerful and compulsive vintage of declamatory verse. The poems in this collection trenchantly address themselves to such broad-based issues as the current ideological crisis in the emergent American-led 'new world order', gender relations and African's destiny in the village.",https://books.google.com/books/content?id=uqVEAQAAIAAJ&printsec=frontcover&img=1&zoom=1&source=gbs_api,,,,,ol_author,"[""Folklore and oral traditions"", ""Dreams and ambitions"", ""Mental health""]",model,unreviewed,find,,
483a7ba5-63d3-5d32-a126-e04b69a31bcb,Writing and speaking from the heart of my mind,Mĩcere Gĩthae Mũgo,2011,English,guessed,"""The essays and speeches that appear in this book were originally presented as either keynote addresses, or conference papers, or interviews, while others were submitted for publication as book chapters on request.""--Acknowlegments.",https://books.google.com/books/content?id=pLGTZwEACAAJ&printsec=frontcover&img=1&zoom=1&source=gbs_api,,,,,ol_author,"[""Silence and voice"", ""Honesty vs dishonesty"", ""Power of language""]",model,unreviewed,find,,
a958aad8-7c61-552f-a231-505b291bdd7d,Black Star Nairobi,Mũkoma wa Ngũgĩ,2013,English,metadata,"Two cops—one American, one Kenyan—team up to track down a deadly terrorist. It’s December 2007. The Kenyan presidential elections have gotten off to a troubled start, with threats of ethnic violence in the air, and the reports about Barack Obama on the campaign trail in the United States are the subject of newspaper editorials and barstool debates. And Ishmael and O have just gotten their first big break for their new detective agency, Black Star. A mysterious death they’re investigating appears to be linked to the recent bombing of a downtown Nairobi hotel. But local forces start to come down on them to back off the case, and then a startling act of violence tips the scales, setting them off on a round-the-globe pursuit of the shadowy forces behind it all. A thrilling, hard-hitting novel, from the author of Nairobi Heat, a major new crime talent.",https://books.google.com/books/content?id=NBHK8By_mZ8C&printsec=frontcover&img=1&zoom=1&edge=curl&source=gbs_api,,,,,wikidata,"[""Political violence""]",model,unreviewed,find,,
dd01711a-9021-5960-abd3-a0c47871299c,Conversing With Africa,Mũkoma wa Ngũgĩ,2003,English,guessed,"""Mukoma wa Ngugi's Conversing with Africa is a wide-ranging investigation of Africa's dilemmas and his analysis is bleak; 'abject poverty, despotism, coups, ethnic cleansings--all under the rubric of neo-colonialism, all structured under the debilitating conditions of the World Bank and the IMF--continue to ravage the continent.' He argues for [the] imperative need for action [and] for Africans to become their own agents of change, proposing nothing less than a Pan-African solution to the ills of the continent. [New Internationalist July 2004 review].",https://covers.openlibrary.org/b/id/5368912-L.jpg,,,,,ol_author,"[""Poverty"", ""Conflict in families"", ""Indigenous knowledge""]",model,unreviewed,find,,
98bcd806-8deb-52e8-9890-5dc166435efd,Killing Sahara,Mũkoma wa Ngũgĩ,2014,English,guessed,"""When a body is discovered half-eaten by animals in Ngong Forest, Ishmael Fofona - the world-weary US detective - and O - his irrepressible Kenyan counterpart - are called in as consultants by the Kenyan police. For this body is not any body. Not anybody at all, in fact. The forest is notorious as a place of execution - the great and not so good of the Kenyan underworld almost always eventually wash up there with a bullet in them - but none of the crime bosses are MIA and no one seems to know anything about the body in Ngong. What starts out as a simple case of identifying a corpse will lead Ishmael and O across continents and deep into a plot to destabilise an entire nation."" -- Back cover.",https://books.google.com/books/content?id=T9fYngEACAAJ&printsec=frontcover&img=1&zoom=1&source=gbs_api,,,,,ol_author,"[""Environmental conservation""]",model,unreviewed,find,,
2b82e888-a22d-5ef4-8e08-038c307dcce4,Logotherapy,Mũkoma wa Ngũgĩ,2016,English,guessed,"Written as a tribute to family, place, and bodily awareness, Mukoma Wa Ngugi’s poems speak of love, war, violence, language, immigration, and exile. From a baby girl’s penchant for her parents’ keys to a warrior’s hunt for words, Wa Ngugi’s poems move back and forth between the personal and the political. In the frozen tundra of Wisconsin, the biting winds of Boston, and the heat of Nairobi, Wa Ngugi is always mindful of his physical experience of the environment. Ultimately it is among multiple homes, nations, and identities that he finds an uneasy peace.",https://covers.openlibrary.org/b/id/13002168-L.jpg,,,,,ol_author,"[""Naming and symbolism"", ""Mental health"", ""Trauma and healing""]",model,unreviewed,find,,
67314d05-f408-5ebb-b907-a7d5831c733f,Mrs. Shaw,Mũkoma wa Ngũgĩ,2015,English,guessed,"In the fictional East African Kwatee Republic of the 1990s, the dictatorship is about to fall, and the nation’s exiles are preparing to return. One of these exiles, a young man named Kalumba, is a graduate student in the United States, where he encounters Mrs. Shaw, a professor emerita and former British settler who fled Kwatee’s postcolonial political and social turmoil. Kalumba’s girlfriend, too, is an exile: a Puerto Rican nationalist like her imprisoned father, she is an outcast from the island. Brought together by a history of violence and betrayals, all three are seeking a way of regaining their humanity, connecting with each other, and learning to make a life in a new land. Kalumba and Mrs. Shaw, in particular, are linked by a past rooted in colonial and postcolonial violence, yet they are separated by their differing accounts of what really happened. The memory of each is subject to certain lapses, whether selective or genuine. Even when they agree on the facts—be they acts of love, of betrayal, or of violence—each narrator shapes the story in his or her own way, by what is left in and what is left out, by what is remembered and what is forgotten.",https://books.google.com/books/content?id=aPlzCQAAQBAJ&printsec=frontcover&img=1&zoom=1&edge=curl&source=gbs_api,,,,,ol_author,"[""Migration and diaspora""]",model,unreviewed,find,,
0cac6b4e-af3e-54bc-840a-68fb2f265678,Nairobi Heat,Mũkoma wa Ngũgĩ,,English,metadata,"A cop from Wisconsin pursues a killer through the terrifying slums of Nairobi and the memories of genocide IN MADISON, WISCONSIN, it’s a big deal when African peace activist Joshua Hakizimana—who saved hundreds of people from the Rwandan genocide—accepts a position at the university to teach about “genocide and testimony.” Then a young woman is found murdered on his doorstep. Local police Detective Ishmael—an African-American in an “extremely white” town—suspects the crime is racially motivated; the Ku Klux Klan still holds rallies there, after all. But then he gets a mysterious phone call: “If you want the truth, you must go to its source. The truth is in the past. Come to Nairobi.” It’s the beginning of a journey that will take him to a place still vibrating from the genocide that happened around its borders, where violence is a part of everyday life, where big-oil money rules and where the local cops shoot first and ask questions later—a place, in short, where knowing the truth about history can get you killed.",https://books.google.com/books/content?id=aSrC1pMI-OEC&printsec=frontcover&img=1&zoom=1&edge=curl&source=gbs_api,,,,,wikidata,"[""Political violence"", ""Trauma and healing"", ""Justice and injustice""]",model,unreviewed,find,,
ea8bb0d5-4351-511f-8ddb-1c1748dd24e9,The Rise of the African Novel,Mũkoma wa Ngũgĩ,2018,English,guessed,"Engaging questions of language, identity, and reception to restore South African and diaspora writing to the African literary tradition",https://covers.openlibrary.org/b/id/8826887-L.jpg,,,,,ol_author,"[""Language and identity"", ""Indigenous knowledge"", ""Migration and diaspora""]",model,unreviewed,find,,
4251af28-1132-5206-8276-9f7c185311a1,Unbury Our Dead with Song,Mũkoma wa Ngũgĩ,2020,English,guessed,"Unbury our Dead With Song is a novel about four talented Ethiopian musicians - The Diva, The Corporal, the Taliban Man and Miriam, who are competing to see who can sing the best Tizita (popularly referred to as Ethiopian blues). Taking place in an illegal boxing hall in Nairobi, Kenya, the competition is covered by a US educated Kenyan journalist, John Thandi Manfredi, who writes for a popular tabloid, The National Inquisitor. He follows the musicians back to Ethiopia in order to learn more about the Tizita and their lives. As he learns more about the Tizita and the multiple meanings of beauty, he uncovers that behind each of the musicians, there are layered lives and secrets. A love letter to African music, beauty and imagination.",https://books.google.com/books/content?id=nJ4yzQEACAAJ&printsec=frontcover&img=1&zoom=1&source=gbs_api,,,,,ol_author,"[""Silence and voice""]",model,unreviewed,find,,
5f655519-a398-55aa-beeb-657997dc7410,Voices from my clan,Mũkoma wa Ngũgĩ,2012,English,guessed,"One of Oprah.com's ""17 Must-Read Books for the New Year"" and O Magazine's ""10 Titles to Pick up Now."" “Exquisite in its honesty and truth and resilience, and a necessary chronicle from one of the greatest writers of our time. ” —Chimamanda Ngozi Adichie, The Guardian, Best Books of 2016. “Every page ripples with a contagious faith in education and in the power of literature to shape the imagination and scour the conscience.” —The Washington Post From one of the world's greatest writers, the story of how the author found his voice as a novelist at Makerere University in Uganda In this acclaimed memoir, Kenyan writer Ngũgĩ wa Thiong’o recounts the four years he spent at Makerere University in Kampala, Uganda—crucial years during which he found his voice as a journalist, short story writer, playwright, and novelist just as colonial empires were crumbling and new nations were being born—under the shadow of the rivalries, intrigues, and assassinations of the Cold War. Haunted by the memories of the carnage and mass incarceration carried out by the British colonial-settler state in his native Kenya but inspired by the titanic struggle against it, Ngũgĩ, then known as James Ngugi, begins to weave stories from the fibers of memory, history, and a shockingly vibrant and turbulent present. What unfolds in this moving and thought-provoking memoir is simultaneously the birth of a literary giant—lauded for his “epic imagination” (Los Angeles Times)—the death of one of the most violent episodes in global history, and the emergence of new histories and nations with uncertain futures.",https://books.google.com/books/content?id=CnUADAAAQBAJ&printsec=frontcover&img=1&zoom=1&edge=curl&source=gbs_api,,,,,ol_author,"[""Honesty vs dishonesty"", ""Silence and voice"", ""Morality and ethics""]",model,unreviewed,find,,
81735736-cb2f-5e75-8822-a3c9f585af2e,"Digital Democracy, Analogue Politics",Nanjala Nyabola,2018,English,guessed,"Kenya is the most digitally advanced country in sub-Saharan Africa, where Twitter, Facebook, WhatsApp, and other online platforms are part of everyday life. And, as in Western nations, the digital age has had dramatic effects on society and politics. Yet, while we hear about the #MeToo movement and the Russian bot scandal, there is little appreciation for the feminist movement #MyDressMyChoice and the subversion of state-run political propaganda by social media. Digital Democracy, Analogue Politics aims to change this by presenting a unique contribution to the debate on digital democracy. For traditionally marginalized groups, particularly women and the disabled, digital spaces have provided vital platforms that allow Kenyans to build new communities that transcend old ethnic and gender divisions. Covering attempts by political elites to prevent social movements from translating online visibility into meaningful offline gains, Digital Democracy, Analogue Politics explores the drastic efforts to contain online activism and new methods of feminist mobilization, as well as how ""fake news,"" Cambridge Analytica, and allegations of hacking contributed to tensions around the 2017 elections. Reframing digital democracy for the first time from the African perspective, Nanjala Nyabola's groundbreaking work opens up new ways of understanding our current global online era.",https://books.google.com/books/content?id=LzpOEAAAQBAJ&printsec=frontcover&img=1&zoom=1&edge=curl&source=gbs_api,,,,,ol_author,"[""Urban vs rural life"", ""Corruption and governance"", ""Civic responsibility""]",model,unreviewed,find,,
19a7f810-741d-58be-8ad7-02a02b7fdce8,Digital Identities and Border Cultures,Nanjala Nyabola,2023,English,guessed,,,,,,/works/OL34469145W,ol_author,[],insufficient_text,unreviewed,find,,
0986956f-73e3-58b8-8a2d-8b2722d5ac6b,Strange and Difficult Times,Nanjala Nyabola,2022,English,guessed,"In this new collection, Nanjala Nyabola takes stock of a world in crisis. Her incisive yet moving prose unpacks the injustices shaping Covid’s starkly different outcomes between countries and communities, and reveals rich societies’ shockingly inaccurate view of how her home continent has fared. From the hidden truth of fast action, mutual aid and transnational cooperation in poorer countries to the widespread falsehoods of Western commentary, Nyabola exposes a global society scarred by colonial legacies, lazy narratives and ingrained biases. These essays are an inventory of the staggering political and social failures of our time, and the myths exposed in Covid’s wake. Watching coronavirus spread in Kenya and around the world, Nyabola reflects on a long history of onlookers denying the Global South’s agency and successes in times of emergency. Armed with her insider-outsider perspective, she reveals harsh truths about our broken system, and calls powerfully for a sincerely shared post-pandemic world—one where voices like hers can help to write a real global history.",https://books.google.com/books/content?id=fVWbEAAAQBAJ&printsec=frontcover&img=1&zoom=1&edge=curl&source=gbs_api,,,,,ol_author,"[""Mental health"", ""Hope and despair"", ""Conflict in families""]",model,unreviewed,find,,
4bcff007-14b6-5fba-84da-27323c2df7a8,Travelling while Black,Nanjala Nyabola,2020,English,metadata,"Thoughtful and original reflections on migration, identity and the experiences of a black woman abroad.",https://books.google.com/books/content?id=UK8SEAAAQBAJ&printsec=frontcover&img=1&zoom=1&edge=curl&source=gbs_api,Hurst & Co.,,,OL25758708W,wikidata,"[""Migration and diaspora""]",model,unreviewed,find,,
c6d70394-648f-5aa0-9d7b-efbc04c33c52,City Murders,Ndũcũ wa Ngũgĩ,2014,English,guessed,"Later that evening, Ali Fana, the lead detective in this case, flanked by the commissioner of Police, appeared in national TV to assure the nation that his team was on track to catch the serial killer. He looked and sounded the part of the a confident sleuth about to nab the perpetrator. He became a national figure. I on the other hand was the first to give the killings a name that caught fire: City Murders!",https://books.google.com/books/content?id=7QFHEAAAQBAJ&printsec=frontcover&img=1&zoom=1&edge=curl&source=gbs_api,,,,,ol_author,"[""Political violence"", ""Urbanization""]",model,unreviewed,find,,
786c9fcd-ebfe-5a8d-adf4-9b6b66166ae1,THE DEAD CAME CALLING,Ndũcũ wa Ngũgĩ,2018,English,metadata,,,"East African Educational Publishers, Kenya",,,/works/OL32472129W,wikidata,[],insufficient_text,unreviewed,find,,
d8496241-d78a-506c-ba19-734bb0169255,Blue mothertongue,Ngwatilo Mawiyoo,2010,,,,,,,,/works/OL33006134W,ol_author,[],insufficient_text,unreviewed,find,,
8f67987c-4247-5ea5-b187-c1e41831095a,Community based theatre skills,Ngũgĩ wa Mĩriĩ,1987,English,guessed,"Decolonisation can be pursued in different ways. After many years of developing a critical language to engage coloniality, the most urgent need in African theatre is to develop new theories and methods in our manufactories. This Element uses Afroscenology as a theory to read and comment on African theatre. The Element particularly focuses on the history of laboratories in which it was tested and emerged, the historicization of rombic theatre and the crafting of a theory of the playtext which has been named theatric theory to distinguish it from the Aristotelian dramatic theory. The second dimension of the theory is the performatic technique. This Element also explain Afrosonic mime through examples drawn from the workshops conducted in training performers.",https://books.google.com/books/content?id=kCv_EAAAQBAJ&printsec=frontcover&img=1&zoom=1&edge=curl&source=gbs_api,,,,,ol_author,"[""Cultural heritage"", ""Civic responsibility"", ""Community solidarity""]",model,unreviewed,find,,
180644e1-cddb-531c-ad77-445f731a690b,A Grain of Wheat,Ngũgĩ wa Thiong'o,1967,English,metadata,"A masterly story of myth, rebellion, love, friendship and betrayal from one of Africa's great writers, Ngugi wa Thiong'o's A Grain of Wheat includes an introduction by Abdulrazak Gurnah, author of By the Sea, in Penguin Modern Classics. It is 1963 and Kenya is on the verge of Uhuru - Independence Day. The mighty british government has been toppled, and in the lull between the fighting and the new world, colonized and colonizer alike reflect on what they have gained and lost. In the village of Thabai, the men and women who live there have been transformed irrevocably by the uprising. Kihika, legendary rebel leader, was fatally betrayed to the whiteman. Gikonyo's marriage to the beautiful Mumbi was destroyed when he was imprisoned, while her life has been shattered in other ways. And Mugo, brave survivor of the camps and now a village hero, harbours a terrible secret. As events unfold, compromises are forced, friendships are betrayed and loves are tested. Kenyan novelist and playwright Ngugi wa Thiong'o is the author of Weep Not Child (1964), The River Between (1965), and Petals of Blood (1977). Ngugi was chair of the Department of Literature at the University of Nairobi from 1972 to 1977. He left Kenya in 1982 and taught at various universities in the United States before he became professor of comparative literature and performance studies at New York University in 1992. If you enjoyed A Grain of Wheat, you might like Chinua Achebe's Things Fall Apart, also available in Penguin Modern Classics. 'With Ngugi history is a living tissue ... this book adds cubits to his already considerable stature'Guardian",https://books.google.com/books/content?id=HV6dQgAACAAJ&printsec=frontcover&img=1&zoom=1&source=gbs_api,Heinemann,,,,wikidata,"[""Agriculture and food security"", ""Greed""]",model,unreviewed,find,,
c1837092-e652-5f08-9a14-05b5715ea27e,Barrel of a pen,Ngũgĩ wa Thiong'o,1983,English,metadata,,https://books.google.com/books/content?id=Dh9yAAAAMAAJ&printsec=frontcover&img=1&zoom=1&source=gbs_api,New Beacon Books,,,OL2638775W,wikidata,[],insufficient_text,unreviewed,find,,
c596326e-6557-5a92-81aa-c0c05fb4028c,Birth of a dream weaver,Ngũgĩ wa Thiong'o,2016,English,guessed,"""Birth of a Dream Weaver charts the very beginnings of a writers creative output. In this wonderful memoir, internationally renowned Kenyan writer and author of the now-classic Wizard and the Crow, Ngugi wa Thiong'o recounts the four years he spent in Makerere University in Kampala, Uganda--threshold years where he found his voice as a playwright, journalist, and novelist, just as Uganda, Kenya, Congo, and other countries were in the final throes of their independence struggles,""--NoveList.",https://covers.openlibrary.org/b/id/12514714-L.jpg,,,,,ol_author,"[""Dreams and ambitions"", ""Naming and symbolism""]",model,unreviewed,find,,
356d625a-fdc0-5585-b76b-eb1593ffa1d5,Caitaani mũtharaba-inĩ,Ngũgĩ wa Thiong'o,1980,Gikuyu,curated,"""The great Kenyan writer and Nobel Prize nominee Ngũgĩ wa Thiongʼo's powerful fictional critique of capitalism. One of the cornerstones of Ngũgĩ wa Thiongʼo's fame, Devil on the Cross was written in secret, on toilet paper, while Ngũgĩ wa Thiongʼo was in prison. It tells the tragic story of Wariinga, a young woman who moves from a rural Kenyan town to the capital, Nairobi, only to be exploited by her boss and later by a corrupt businessman. As she struggles to survive, Wariinga begins to realize that her problems are only symptoms of a larger societal malaise and that much of the misfortune stems from the Western, capitalist influences on her country. An impassioned cry for a Kenya free of dictatorship and for African writers to work in their own local dialects, Devil on the Cross has had a profound influence on Africa and on post-colonial African literature""--",https://covers.openlibrary.org/b/id/14338902-L.jpg,,,,,ol_author,"[""Truth and deception"", ""Wealth and materialism"", ""Honesty vs dishonesty""]",model,unreviewed,find,,
8630ec80-e2aa-5007-8d20-ce606d302719,Decolonising the Mind: The Politics of Language in African Literature,Ngũgĩ wa Thiong'o,1986,English,metadata,,https://books.google.com/books/content?id=z60udlv1F_cC&printsec=frontcover&img=1&zoom=1&edge=curl&source=gbs_api,James Currey,978-0-85255-501-9,0-85255-501-6,/works/OL7986924W,wikidata,[],insufficient_text,unreviewed,find,,
21a4dde6-b390-5106-859f-d0f8cae48df7,Detained: A Writer's Prison Diary,Ngũgĩ wa Thiong'o,1982,English,metadata,The international outcry over the detention of Ngugi Wa Thiong'o without trial by the Kenyan authorities even reached him in prison. In this book he describes the purposeful degradation and humiliation of prison life.,https://books.google.com/books/content?id=yhByAAAAMAAJ&printsec=frontcover&img=1&zoom=1&source=gbs_api,Heinemann,978-0-435-90240-7,0-435-90240-7,,wikidata,"[""Oppression"", ""Trauma and healing"", ""Political violence""]",model,unreviewed,find,,
d105dd6c-835e-5e13-9a51-448664f6f970,Devil on the Cross,Ngũgĩ wa Thiong'o,1980,English,curated,,https://books.google.com/books/content?id=ii2NkrVRRToC&printsec=frontcover&img=1&zoom=1&edge=curl&source=gbs_api,,,,/works/OL38600861W,wikidata,[],insufficient_text,unreviewed,find,,
2d9fdbf5-a255-5d3f-834b-dec1e10fe982,Dreams in a Time of War,Ngũgĩ wa Thiong'o,2010,English,guessed,"By the world-renowned novelist, playwright, critic, and author of Wizard of the Crow, an evocative and affecting memoir of childhood.Ngugi wa Thiong'o was born in 1938 in rural Kenya to a father whose four wives bore him more than a score of children. The man who would become one of Africa's leading writers was the fifth child of the third wife. Even as World War II affected the lives of Africans under British colonial rule in particularly unexpected ways, Ngugi spent his childhood as very much the apple of his mother's eye before attending school to slake what was then considered a bizarre thirst for learning.In Dreams in a Time of War, Ngugi deftly etches a bygone era, capturing the landscape, the people, and their culture; the social and political vicissitudes of life under colonialism and war; and the troubled relationship between an emerging Christianized middle class and the rural poor. And he shows how the Mau Mau armed struggle for Kenya's independence against the British informed not only his own life but also the lives of those closest to him.Dreams in a Time of War speaks to the human right to dream even in the worst of times. It abounds in delicate and powerful subtleties and complexities that are movingly told.From the Hardcover edition.",https://covers.openlibrary.org/b/id/14349233-L.jpg,,,,,ol_author,"[""Dreams and ambitions"", ""Fate and free will""]",model,unreviewed,find,,
88ba200a-2796-5bb4-8448-e76afa401de9,El brujo del cuervo,Ngũgĩ wa Thiong'o,2015,Spanish,metadata,"La gran novela africana por el firme candidato al premio Nobel que aprenderás a pronunciar: Ngugi wa Thiong'o. Exiliado de su Kenia natal desde hace más de veinticinco años, Ngugi wa Thiong'o, uno de los escritores africanos más importantes de la actualidad, sitúa esta historia en la imaginaria República Libre de Aburiria. El soberano, dictador inamovible, semidiós y genial estadista, ejerce su poder a capricho sobre todo un país y se regocija en la contemplación de las encarnizadas luchas entre súbditos y ministros para gozar de su favor. El pueblo, sometido a la injusticia y el terror, deberá recurrir a la subversión para tratar de derrocar desde abajo el régimen del tirano. Cualquier arma es útil. Incluso la magia. Corrosiva, humorística y terrible, esta tragicomedia se vale de la rica tradición cuentística africana para analizar con agudeza la dramática realidad poscolonial del continente. El brujo del cuervo moldea las historias de los poderosos y de la gente corriente en un mosaico deslumbrante y confirma el alcance de la sorprendente obra de Ngugi wa Thiong'o. La crítica ha dicho... «Una cáustica sátira social y política de la corrupción de la sociedad africana con un toque de realismo mágico, o, tal vez, de magia realista.» Publishers Weekly «Una magistral narración de realismo mágico sobre la historia del África del siglo XX. Indiscutiblemente: una obra maestra.» Scotland on Sunday «Ambicioso, cáustico y apasionado.» New Yorker «La fuerza de El brujo del cuervo se manifiesta en el asombroso laberinto con que comienza cada capítulo, en la ambiciosa combinación de sátira, realismo social e imaginación sobrenatural.» Harper's Magazine «Una traviesa y alucinante sátira sobre un dictador.» Sunday Times «A lo largo de su intensa trayectoria, Ngugi ha formado parte de las paradigmáticas cuestiones y dilemas del escritor africano contemporáneo, tocando la situación política, social, racial y lingüística... El relato es fantástico.» John Updike, The New Yorker",https://books.google.com/books/content?id=JkGvCgAAQBAJ&printsec=frontcover&img=1&zoom=1&edge=curl&source=gbs_api,Amazon Kindle,,,,wikidata,"[""Oppression"", ""Leadership and betrayal"", ""Bad governance""]",model,unreviewed,find,,
492194e0-3d14-5990-b9a3-c2a912581e36,Globalectics: Theory and the Politics of Knowing (The Wellek Library Lectures),Ngũgĩ wa Thiong'o,2014,English,metadata,"A masterful writer working in many genres, Ngugi wa Thiong’o entered the East African literary scene in 1962 with the performance of his first major play, The Black Hermit, at the National Theatre in Uganda. In 1977 he was imprisoned after his most controversial work, Ngaahika Ndeenda (I Will Marry When I Want), produced in Nairobi, sharply criticized the injustices of Kenyan society and unequivocally championed the causes of ordinary citizens. Following his release, Ngugi decided to write only in his native Gikuyu, communicating with Kenyans in one of the many languages of their daily lives, and today he is known as one of the most outspoken intellectuals working in postcolonial theory and the global postcolonial movement. In this volume, Ngugi wa Thiong’o summarizes and develops a cross-section of the issues he has grappled with in his work, which deploys a strategy of imagery, language, folklore, and character to ""decolonize the mind."" Ngugi confronts the politics of language in African writing; the problem of linguistic imperialism and literature's ability to resist it; the difficult balance between orality, or ""orature,"" and writing, or ""literature""; the tension between national and world literature; and the role of the literary curriculum in both reaffirming and undermining the dominance of the Western canon. Throughout, he engages a range of philosophers and theorists writing on power and postcolonial creativity, including Hegel, Marx, Lévi-Strauss, and Aimé Césaire. Yet his explorations remain grounded in his own experiences with literature (and orature) and reworks the difficult dialectics of theory into richly evocative prose.",https://books.google.com/books/content?id=dsmrAgAAQBAJ&printsec=frontcover&img=1&zoom=1&edge=curl&source=gbs_api,Columbia University Press,978-0-231-15951-7,0-231-15951-X,,wikidata,"[""Ignorance"", ""Indigenous knowledge""]",model,unreviewed,find,,
e3606488-65cb-552d-9a13-2e258b6ddb60,Homecoming,Ngũgĩ wa Thiong'o,2023,English,metadata,"In this collection of essays on African and Caribbean literature, culture, and politics, Ngugi wa Thiong'o delivers a groundbreaking critique of colonialism and capitalism in postcolonial Africa. In these essays, Ngugi wa Thiong'o eloquently interweaves a range of issues including religious oppression, consumerism, and independence with the powerful intellect and passion that has come to characterise his writing. These pieces are essential for readers wishing to uncover a critical perspective on African society and culture. Homecoming is a groundbreaking collection intended to provoke and encourage thoughtful debate on how best to 'restore the creative glory of Africa and of all Africans' in the wake of postcolonialism. 'One of the greatest writers of our time.' Chimamanda Ngozi Adichie 'A tremendous writer... It's hard to doubt the power of the written word when you hear the story of Ngugi wa Thiong'o.' Guardian 'One of Africa's greatest writers.' New York Times",https://books.google.com/books/content?id=CHroEAAAQBAJ&printsec=frontcover&img=1&zoom=1&source=gbs_api,Amazon Kindle,,,,wikidata,"[""Migration and diaspora""]",model,unreviewed,find,,
5f044901-17d2-5f3d-a4ce-02def1ce4233,I will marry when I want,Ngũgĩ wa Thiong'o,1977,,,,https://covers.openlibrary.org/b/id/14349789-L.jpg,,,,/works/OL10461185W,ol_author,[],insufficient_text,unreviewed,find,,
ad475a9d-aaa8-5646-86b7-f018c7c3f10c,In the Name of the Mother: Reflections on Writers and Empire,Ngũgĩ wa Thiong'o,2013,English,metadata,"Alongside the impact of his early novels and plays, and his more recent memoirs, these essays give new insights into Ngugi's and other writers' responses to colonialism - there is new material here for students of literature, politics and culture.Renowned worldwide, as novelist and dramatist, Ngugi wa Thiongo's contributions to the body of critical writing on African literature, politics and society have been highly significant. His best known critical work is Decolonising the Mind, which since publication in 1986 has profoundly influenced other writers, critics, scholars and students. These latest essays reflect Ngugi's continuing interests and enthusiasms. His choice of writers is original. He makes us look again at their novels to address his lifelong concerns with the ways to independence, the meanings of colonialism and the takeover by neo-colonialism, and the functions of literature in political as well asliterary terms. They will appeal not only to his international band of supporters. They will also introduce his views to young people discovering African and Caribbean literature. Ngugi wa Thiong'o is Distinguished Professor of English and Comparative Literature at the University of California, Irvine. Ngugi is renowned for his essays, including the seminal Decolonising the Mind (James Currey 1986); his plays, which led to his detentionin Kenya; his novels - the most recent works being The Wizard of the Crow (2007, translated into English from Gikuyu) and his memoirs Dreams in a Time of War and In the House of the Interpreter East Africa [Kenya, Tanzania, Uganda and Rwanda]: EAEP",https://books.google.com/books/content?id=h6oTAgAAQBAJ&printsec=frontcover&img=1&zoom=1&edge=curl&source=gbs_api,James Currey,,,,wikidata,"[""Parent-child relationships"", ""Power of language"", ""Conflict in families""]",model,unreviewed,find,,
fa71c6e7-bb69-5ca2-89c8-557c3f981d08,In the house of the interpreter,Ngũgĩ wa Thiong'o,2012,English,guessed,"""From the world-renowned Kenyan novelist, poet, playwright, and literary critic, the second volume of his memoirs, spanning 1955-1959, the author's high school years during the tumultuous Mau Mau Uprising. In the House of the Interpreter evokes a haunting childhood at the end of British colonial rule in Africa, and the formative experiences of a political dissident""--",https://covers.openlibrary.org/b/id/8828470-L.jpg,,,,,ol_author,"[""Silence and voice"", ""Colonialism and resistance""]",model,unreviewed,find,,
19749df2-8dfd-5f85-b93c-0d52ae9684a8,Matigari,Ngũgĩ wa Thiong'o,1986,English,guessed,"""Who is Matigari? Is he young or old; a man or fate; dead or living...or even a resurrection of Jesus Christ? These are the questions asked by the people of this unnamed country, when a man who has survived the war for independence emerges from the mountains and starts making strange claims and demands. Matigari is in search of his family to rebuild his home and start a new and peaceful future. But his search becomes a quest for truth and justice as he finds the people still dispossessed and the land he loves ruled by corruption, fear, and misery. Rumors spring up that a man with superhuman qualities has risen to renew the freedom struggle. The novel races toward its climax as Matigari realizes that words alone cannot defeat the enemy. He vows to use the force of arms to achieve his true liberation. Matigari is a satire on the betrayal of human ideals and on the bitter experience of post-independence African society.""--BOOK JACKET.",https://covers.openlibrary.org/b/id/1612181-L.jpg,,,,,ol_author,[],no_confident_theme,unreviewed,find,,
589d66ee-4efd-5959-9d1e-90a2c0c9141a,Matigari A Novel,Ngũgĩ wa Thiong'o,1998,English,metadata,In 1994 over 200 students from Universities world wide gathered in celebration of the work of Ngugi wa Thiong'o. The best papers and discussions are collected here.,https://books.google.com/books/content?id=zazOchpSJ_gC&printsec=frontcover&img=1&zoom=1&edge=curl&source=gbs_api,Africa World Press,,,,wikidata,[],no_confident_theme,unreviewed,find,,
30494ef3-8f32-56cd-92df-331409318017,Matigari ma Njiruungi,Ngũgĩ wa Thiong'o,1986,Gikuyu,metadata,"This is the first comprehensive book-length study of gender politics in Ngugi wa Thiong'o's fiction. Brendon Nicholls argues that mechanisms of gender subordination are strategically crucial to Ngugi's ideological project from his first novel to his most recent one. Nicholls describes the historical pressures that lead Ngugi to represent women as he does, and shows that the novels themselves are symptomatic of the cultural conditions that they address. Reading Ngugi's fiction in terms of its Gikuyu allusions and references, a gendered narrative of history emerges that creates transgressive spaces for women. Nicholls bases his discussion on moments during the Mau Mau rebellion when women's contributions to the anticolonial struggle could not be reduced to a patriarchal narrative of Kenyan history, and this interpretive maneuver permits a reading of Ngugi's fiction that accommodates female political and sexual agency. Nicholls contributes to postcolonial theory by proposing a methodology for reading cultural difference. This methodology critiques cultural practices like clitoridectomy in an ethical manner that seeks to avoid both cultural imperialism and cultural relativisim. His strategy of 'performative reading,' that is, making the conditions of one text (such as folklore, history, or translation) active in another (for example, fiction, literary narrative, or nationalism), makes possible an ethical reading of gender and of the conditions of reading in translation.",https://books.google.com/books/content?id=ciMfDAAAQBAJ&printsec=frontcover&img=1&zoom=1&edge=curl&source=gbs_api,,,,,wikidata,"[""Gender roles and feminism""]",model,unreviewed,find,,
09517d2d-34bc-5107-b4b8-650b100e52f7,Mau Mau From Within: The Story of the Kenya Land and Freedom Army,Ngũgĩ wa Thiong'o,2021,English,metadata,"As a part of Routledge Research in Postcolonial Literature, the book explores the complex of ways in which Ngugi wa Thiong’o wrestles with issues of nationalism and ethnicity through his politically subversive and creatively intense literary texts. His novels and plays are fraught with his anxiety, resistance, and defiance concerning Gikuyu ethnicity, Kenyan nationalism, and a curious, globalectic imaginary. In this way, the book re- appreciates Ngugi offering scholarly insights into the present debates over identity politics as well as aesthetics that animate contemporary research in postcolonial studies, world literature, and African studies across the globe.",https://books.google.com/books/content?id=S2fwEAAAQBAJ&printsec=frontcover&img=1&zoom=1&edge=curl&source=gbs_api,Daraja Press,978-1-988832-59-3,1-988832-59-4,,wikidata,"[""Colonialism and resistance""]",model,unreviewed,find,,
f9ace9e7-bc23-533d-ae6d-8cc753b8a7ad,Minutes of Glory: And Other Stories,Ngũgĩ wa Thiong'o,2019,English,metadata,"A dazzling short story collection from the person Chimamanda Ngozi Adichie calls ""one of the greatest writers of our time"" Ngũgĩ wa Thiong'o, although renowned for his novels, memoirs, and plays, honed his craft as a short story writer. From ""The Fig Tree, "" written in 1960, his first year as an undergraduate at Makerere University College in Uganda, to the playful ""The Ghost of Michael Jackson,"" written as a professor at the University of California, Irvine, these collected stories reveal a master of the short form. Covering the period of British colonial rule and resistance in Kenya to the bittersweet experience of independence—and including two stories that have never before been published in the United States— Ngũgĩ's collection features women fighting for their space in a patriarchal society, big men in their Bentleys who have inherited power from the British, and rebels who still embody the fighting spirit of the downtrodden. One of Ngũgĩ's most beloved stories, ""Minutes of Glory,"" tells of Beatrice, a sad but ambitious waitress who fantasizes about being feted and lauded over by the middle-class clientele in the city's beer halls. Her dream leads her on a witty and heartbreaking adventure. Published for the first time in America, Minutes of Glory and Other Stories is a major literary event that celebrates the storytelling might of one of Africa's best-loved writers.",https://books.google.com/books/content?id=_ftmDwAAQBAJ&printsec=frontcover&img=1&zoom=1&edge=curl&source=gbs_api,Amazon Kindle,,,,wikidata,"[""Naming and symbolism"", ""Laziness"", ""Folklore and oral traditions""]",model,unreviewed,find,,
f116403b-1f67-539d-a747-21202b1a8f2b,Mtawa Mweusi,Ngũgĩ wa Thiong'o,1970,English,guessed,"The Swahili translation of the 1968 play plubished in English as The Black Hermit. Should Remi, the first of his tribe to go to university, return to his people from the city? Should he return to Thoni, his brother's widow, whom he has had to marry under tribal custom? Or should he continue to be a 'black hermit' in the town, visiting the night clubs with his friend, Jane? Should he be supporting the Africanist Party when people feel that the colonial oppression has just been replaced by another form? These are the dramatic conflicts in this play. Ngugi wa Thiong'o is best known internationally as a novelist as well as a playwright. He wrote ""This Time Tomorrow"" (published in African Short Stories), The Black Hermit (1968), and, with Micere Githae Mugo, The Trial of Dedan Kimathi (1976), all of which had great social and political impact. His detention without trial in 1978 was probably due to the staging of the Gikuyu play, ""Ngaahika Ndeenda"" at the Kamirithu Cultural Centre, co-authored with Ngugu wa Mirii. The play is published in English as I will Marry when I Want. Ngugi continues to strongly advocate writing in indigenous languages. His two titles - Caaitani Mutharabaini and A Grain of Wheat - were among the recipients of Africa's 100 Best Books of the 20th Century Award.",https://books.google.com/books/content?id=vvSSzTlCOAcC&printsec=frontcover&img=1&zoom=1&edge=curl&source=gbs_api,"East African Educational Publishers, Kenya",,,,wikidata,"[""Community solidarity""]",model,unreviewed,find,,
13c4698f-9e37-55dc-aae0-caeab2c26984,Nairobi Noir (Akashic Noir),Ngũgĩ wa Thiong'o,2020,English,metadata,"In this anthology, fourteen authors explore dark mysteries in the concrete jungle capital of Kenya, dealing with topics of race, religion, and corruption. Akashic Books continues its award-winning series of original noir anthologies, launched in 2004 with Brooklyn Noir. Each book comprises all-new stories, each one set in a distinct neighborhood or location within the respective city. Brand-new stories by: Ngugi wa Thiong’o, Stanley Gazemba, Ngumi Kibera, Peter Kimani, Winfred Kiunga, Kinyanjui Kombani, Caroline Mose, Kevin Mwachiro, Wanjiku wa Ngugi, Faith Oneya, Makena Onjerika, Troy Onyango, J.E. Sibi-Okumu, and Rasna Warah. Praise for Nairobi Noir “Nairobi Noir takes readers into the enigmas that haunt Kenya’s most populous city through the deft storytelling of a stellar cast of writers, which includes Ngugi wa Thiong’o, Stanley Gazemba, Makena Onjerika, Troy Onyango, and others.” —Brittle Paper, One of 50 Notable African Books of 2020 “Nairobi is a city of 3 million souls, so it makes sense as a setting Akashic Books’ famed noir series. 14 new stories fill a collection with Nairobi old and new; authors range in age from 24 to 81, and many layers of the city and its complex subcultures will be revealed as the reader makes their way through. Perfect for the armchair traveler!” —CrimeReads, included in CrimeReads’ Most Anticipated Crime Books of 2020 “Crime fiction fans have much to savor.” —Publishers Weekly",https://books.google.com/books/content?id=gwiZDwAAQBAJ&printsec=frontcover&img=1&zoom=1&edge=curl&source=gbs_api,Akashic Books,,,,wikidata,"[""Urban vs rural life"", ""Identity crisis""]",model,unreviewed,find,,
03558695-9e62-5340-8b41-8680e4c59354,Ngaahika Ndeenda,Ngũgĩ wa Thiong'o,,Gikuyu,metadata,"As a part of Routledge Research in Postcolonial Literature, the book explores the complex of ways in which Ngugi wa Thiong’o wrestles with issues of nationalism and ethnicity through his politically subversive and creatively intense literary texts. His novels and plays are fraught with his anxiety, resistance, and defiance concerning Gikuyu ethnicity, Kenyan nationalism, and a curious, globalectic imaginary. In this way, the book re- appreciates Ngugi offering scholarly insights into the present debates over identity politics as well as aesthetics that animate contemporary research in postcolonial studies, world literature, and African studies across the globe.",https://books.google.com/books/content?id=S2fwEAAAQBAJ&printsec=frontcover&img=1&zoom=1&edge=curl&source=gbs_api,,,,,wikidata,"[""Power of language""]",model,unreviewed,find,,
6bb2d995-5f96-5513-b08b-c0ca9bb4452e,Ngugi Wa Thiong'o's drama and the kamiriithu popular theater experiment by Gichingiri Ndingiriri,Ngũgĩ wa Thiong'o,2007,English,metadata,,,Africa World Press,,,,wikidata,[],insufficient_text,unreviewed,find,,
a079ea71-c112-58f9-b7d7-aa4877396f39,Ngugi wa Thiong'o's drama and the kamiriithu popular theater experiment,Ngũgĩ wa Thiong'o,2007,English,metadata,"Provides context and depth to Ngugi wa Thiong'o's long-praised though little-understood work in Gikuyu political and community theatre. With clear insights into local linguistic, cultural and historical perspectives, Ndigirigi provides scholars and non-specialists alike with a detailed understanding of not only Ngugi's theatrical work but also the much broader context of the society and culture that made up the Kamiriithu experience.Originally presented as the author's PhD thesis at the University of California, Los Angeles, 1998.",https://books.google.com/books/content?id=llWEAAAAIAAJ&printsec=frontcover&img=1&zoom=1&source=gbs_api,Africa World Press,,,,wikidata,"[""Cultural heritage"", ""Power of language""]",model,unreviewed,find,,
9ff36d8c-31ec-57fe-a2f8-e623f05c5135,Njamba Nene and the flying bus,Ngũgĩ wa Thiong'o,1982,English,guessed,,https://covers.openlibrary.org/b/id/9281290-L.jpg,,,,/works/OL2638773W,ol_author,[],insufficient_text,unreviewed,find,,
3740b8f5-b817-5a66-a128-3d18b4113818,Njamba Nene's pistol,Ngũgĩ wa Thiong'o,1984,,,,,,,,/works/OL2638772W,ol_author,[],insufficient_text,unreviewed,find,,
f61ab32a-4ee8-56da-8239-3b57b51b7d31,Perfect Nine,Ngũgĩ wa Thiong'o,2018,English,guessed,"A dazzling, genre-defying novel in verse from the author Delia Owens says ""tackles the absurdities, injustices, and corruption of a continent"" Ngigu wa Thiong'o's novels and memoirs have received glowing praise from the likes of President Barack Obama, the New Yorker, the New York Times Book Review, The Guardian, and NPR; he has been a finalist for the Man International Booker Prize and is annually tipped to win the Nobel Prize for Literature; and his books have sold tens of thousands of copies around the world. In his first attempt at the epic form, Ngigu tells the story of the founding of the Gukiyi people of Kenya, from a strongly feminist perspective. A verse narrative, blending folklore, mythology, adventure, and allegory, The Perfect Nine chronicles the efforts the Gukiyi founders make to find partners for their ten beautiful daughters'called ""The Perfect Nine"" 'and the challenges they set for the 99 suitors who seek their hands in marriage. The epic has all the elements of adventure, with suspense, danger, humor, and sacrifice. Ngigu's epic is a quest for the beautiful as an ideal of living, as the motive force behind migrations of African peoples. He notes, ""The epic came to me one night as a revelation of ideals of quest, courage, perseverance, unity, family; and the sense of the divine, in human struggles with nature and nurture.""",https://covers.openlibrary.org/b/id/14350867-L.jpg,,,,,ol_author,"[""Good vs evil""]",model,unreviewed,find,,
0f29d741-0543-5e50-8e23-43d5f43638dc,Petals of Blood,Ngũgĩ wa Thiong'o,1977,English,curated,"Ngugi Wa Thiong'o is one of the most important contemporary world writers--his name has for many become synonymous with cultural controversy and political struggle. Patrick William's lucid analysis offers the most up-to-date study of Ngugi's writing, including his most recent collections of essays. Focusing on important aspects of Ngugi's more obscure works, and drawing on a wide range of relevant theoretical perspectives, this study examines the growing complexity of Ngugi's accounts of the history of colonized and postcolonial Kenya.",https://books.google.com/books/content?id=owRz6pGiRKoC&printsec=frontcover&img=1&zoom=1&edge=curl&source=gbs_api,Heinemann,,,,wikidata,"[""Naming and symbolism"", ""Power of language"", ""Traditional beliefs""]",model,unreviewed,find,,
2e94cf50-2d18-5c4c-a83e-70db9039582e,Re-membering Africa,Ngũgĩ wa Thiong'o,2009,,,,,,,,/works/OL15286154W,ol_publisher,[],insufficient_text,unreviewed,find,,
556892b5-75bb-5fce-8ac2-5e7aa28ab62f,Secret Lives and Other Stories,Ngũgĩ wa Thiong'o,1975,English,metadata,"Ngugi wa Thiong'o is renowned for his political novels and plays, yet he honed his craft as a short story writer. First published in 1975, Secret Lives and Other Stories brings together a range of Ngugi's political short stories. From tales of the meeting between magic and superstition, to stories about the modernising forces of colonialism, and the pervasive threat of nature, this collection celebrates the storytelling might of one of Africa's best-loved writers.",https://books.google.com/books/content?id=-wbOwAEACAAJ&printsec=frontcover&img=1&zoom=1&source=gbs_api,,,,OL10244W,wikidata,"[""Truth and deception"", ""Honesty vs dishonesty""]",model,unreviewed,find,,
4d9044c2-b0ed-5b38-862f-01d4be16c280,Secure the Base,Ngũgĩ wa Thiong'o,2016,English,metadata,"The Decolonial Politics and Philosophy of Ngugi wa Thiong’o offers a critical analysis of Ngugi wa Thiong’o epistemic journey from a communalist, communist, nationalist, post-colonial theorist, and ultimately an established decolonial spokesperson of the Global South in the league of Paulo Freire, Edward Said, and Frantz Fanon. Through a reading of his novels and essays, this book provides insight into wa Thiong’o’s decolonial thought that was established within his overarching philosophy and later became the organizing idea for wa Thiong’o’s political activism. Brian Sibanda presents wa Thiong’o as an example of a philosopher within the Global South who has unmasked coloniality, shining light where Eurocentrism has cast darkness. This book offers a fresh perspective for scholars and readers interested in decolonial theory and African philosophy.",https://books.google.com/books/content?id=N4l2EQAAQBAJ&printsec=frontcover&img=1&zoom=1&edge=curl&source=gbs_api,Seagull Books,,,OL26221969W,wikidata,"[""Oppression"", ""Truth and deception"", ""Leadership and betrayal""]",model,unreviewed,find,,
f961fb5c-3a69-5d3c-bca3-148e6d08b13e,Speaks,Ngũgĩ wa Thiong'o,2006,English,metadata,Ngugi's words lead to a deeper understanding of colonial and postcolonial history.,https://books.google.com/books/content?id=GadlAAAAMAAJ&printsec=frontcover&img=1&zoom=1&source=gbs_api,"East African Educational Publishers, Kenya",,,,wikidata,"[""Cultural heritage"", ""Land and displacement""]",model,unreviewed,find,,
837871f8-0a0a-5a6e-8d14-52510cca331b,The Black Hermit,Ngũgĩ wa Thiong'o,1963,English,metadata,"In this play, Remi, the first of his tribe to go to university, ponders whether or not he should return to his people. Or should he continue to be a black hermit in the town?",https://books.google.com/books/content?id=IqVAjGZk8KIC&printsec=frontcover&img=1&zoom=1&edge=curl&source=gbs_api,,,,,wikidata,"[""Identity crisis"", ""Loneliness and isolation""]",model,unreviewed,find,,
7c9480ce-fc7e-5718-86fa-2a3f21a2b66f,The Heart of a Stranger: An Anthology of Exile Literature,Ngũgĩ wa Thiong'o,2020,English,metadata,"A fascinatingly diverse anthology of the literature of exile, from the myths of Ancient Egypt to contemporary poetry Exile lies at the root of our earliest stories. Charting varied experiences of people forced to leave their homes from the ancient world to the present day, The Heart of a Stranger is an anthology of poetry, fiction and non-fiction that journeys through six continents, with over a hundred contributors drawn from twenty-four languages. Highlights include the wisdom of the 5th century Desert Fathers and Mothers, the Swahili Song of Liyongo, The Flight of the Irish Earls, Emma Goldman's travails in the wake of the First Red Scare, the Syrian poet Nizar Qabbani's ode to the lost world of Andalusia and the work of contemporary Eritrean fabulist Ribka Sibhatu. Edited by poet and translator André Naffis-Sahely, The Heart of a Stranger offers a uniquely varied look at a theme both ancient and urgently contemporary.",https://books.google.com/books/content?id=Y9LMDwAAQBAJ&printsec=frontcover&img=1&zoom=1&edge=curl&source=gbs_api,Amazon Kindle,,,,wikidata,"[""Loneliness and isolation"", ""Migration and diaspora""]",model,unreviewed,find,,
4ee3400e-4d83-5a3d-b2e1-d574f247a0ca,The Perfect Nine: The Epic Gikuyu and Mumbi,Ngũgĩ wa Thiong'o,2020,English,curated,"A dazzling, genre-defying novel in verse from the author Delia Owens says “tackles the absurdities, injustices, and corruption of a continent” Ngũgĩ wa Thiong’o’s novels and memoirs have received glowing praise from the likes of President Barack Obama, the New Yorker, the New York Times Book Review, The Guardian, and NPR; he has been a finalist for the Man International Booker Prize and was annually tipped to win the Nobel Prize for Literature; and his books have sold tens of thousands of copies around the world. In his first attempt at the epic form, Ngũgĩ tells the story of the founding of the Gĩkũyũ people of Kenya, from a strongly feminist perspective. A verse narrative, blending folklore, mythology, adventure, and allegory, The Perfect Nine chronicles the efforts the Gĩkũyũ founders make to find partners for their ten beautiful daughters—called “The Perfect Nine” —and the challenges they set for the 99 suitors who seek their hands in marriage. The epic has all the elements of adventure, with suspense, danger, humor, and sacrifice. Ngũgĩ’s epic is a quest for the beautiful as an ideal of living, as the motive force behind migrations of African peoples. He notes, “The epic came to me one night as a revelation of ideals of quest, courage, perseverance, unity, family; and the sense of the divine, in human struggles with nature and nurture.”",https://books.google.com/books/content?id=35_LDwAAQBAJ&printsec=frontcover&img=1&zoom=1&edge=curl&source=gbs_api,,,,,wikidata,"[""Good vs evil"", ""Honesty vs dishonesty""]",model,unreviewed,find,,
389ebafe-c4b8-5fed-a76c-40c5f0a5e66d,The River Between,Ngũgĩ wa Thiong'o,1965,English,metadata,"Explores life on the Makuyu and Kameno ridges of Kenya in the early days of white settlement. Faced with an alluring, new religion and ""magical"" customs, the Gikuyu people are torn between those who fear the unknown and those who see beyond it.",https://books.google.com/books/content?id=gf8kyhYA3bwC&printsec=frontcover&img=1&zoom=1&edge=curl&source=gbs_api,"East African Educational Publishers, Kenya",,,OL10246W,wikidata,"[""Cultural heritage"", ""Traditional beliefs"", ""Religion and spirituality""]",model,unreviewed,find,,
17463bf2-0e36-5b63-a442-a874060a968a,The Trial of Dedan Kimathi,Ngũgĩ wa Thiong'o,1977,English,metadata,,https://books.google.com/books/content?id=hHX8XEDTpesC&printsec=frontcover&img=1&zoom=1&edge=curl&source=gbs_api,,978-0-435-90191-2,0-435-90191-5,,wikidata,[],insufficient_text,unreviewed,find,,
420c7b03-8a3e-58a7-bc19-f3b9f79439a3,The Upright Revolution: Or Why Humans Walk Upright,Ngũgĩ wa Thiong'o,2016,English,curated,"Science has given us several explanations for how humans evolved from walking on four limbs to two feet. None, however, is as riveting as what master storyteller Ngũgĩ wa Thiong'o offers in The Upright Revolution. Blending myth and folklore with an acute insight into the human psyche and politics, Wa Thiong'o conjures up a fantastic fable about how and why humans began to walk upright. It is a story that will appeal to children and adults alike, containing a clear and important message: ""Life is connected."" Originally written in Gikuyu, this short story has been translated into sixty-three languages--forty-seven of them African--making it the most translated story in the history of African literature. This new collector's edition of The Upright Revolution is richly illustrated in full color with Sunandini Banerjee's marvellous digital collages, which open up new vistas of imagination and add unique dimensions to the story.",https://books.google.com/books/content?id=yc69vQEACAAJ&printsec=frontcover&img=1&zoom=1&source=gbs_api,Seagull Books,,,OL23553509W,wikidata,[],no_confident_theme,unreviewed,find,,
097f779e-a76a-553b-9e11-771af3e87d01,This Time Tomorrow,Ngũgĩ wa Thiong'o,1970,English,guessed,"This Time, Tomorrow is an anthology of poems composed by the late Mwange Kausenione of the most outstanding Zambian journalists of his generation. Published and presented here for the first time, the poems are a legacy of his past and span more than two decades of creative process. The poems depict experiences and allusions of the African continent, Asia, and Latin America, where the poet worked as a journalist. For the international audience who enjoyed and appreciated Mwanges stories and columns in magazines and newspapers, however, this collection will come as a surprise to most. Yet, in these pages, we present to the world the side of Mwange Kauseni that most people hardly suspected ever existed. As a poet, therefore, Mwange echoes the plight of the downtrodden and marginalized and taunts the excesses and foibles of the postcolonial-African political elites. In some of his work, though, the poet eulogizes his connections with his past and cultural roots and decries the advent of modernity. He urges poets never to give up their craft but to create verses for the masses. Even though the poems were created from personal experiences, This Time, Tomorrow is indeed Pan-Africanist in character.",https://books.google.com/books/content?id=wj10DQAAQBAJ&printsec=frontcover&img=1&zoom=1&edge=curl&source=gbs_api,Kenya Literature Bureau,,,,wikidata,[],no_confident_theme,unreviewed,find,,
03db93fd-38e2-550e-80af-4589ca5b080f,To Stir the Heart,Ngũgĩ wa Thiong'o,2007,English,metadata,,https://books.google.com/books/content?id=XY0UAQAAIAAJ&printsec=frontcover&img=1&zoom=1&source=gbs_api,The Feminist Press,,,OL2527684W,wikidata,[],insufficient_text,unreviewed,find,,
90fdd30c-c3ec-5836-bca2-fe1c4cbba44e,Trial of Dedan Kimathi,Ngũgĩ wa Thiong'o,1976,English,guessed,,https://covers.openlibrary.org/b/id/9277286-L.jpg,,,,/works/OL7972203W,ol_author,[],insufficient_text,unreviewed,find,,
8f5c0b1b-2dfc-5cc8-86bb-002c07433950,"Weep Not, Child",Ngũgĩ wa Thiong'o,1964,English,metadata,"The Nobel Prize–nominated Kenyan writer’s powerful first novel Two brothers, Njoroge and Kamau, stand on a garbage heap and look into their futures: Njoroge is to attend school, while Kamau will train to be a carpenter. But this is Kenya, and the times are against them: In the forests, the Mau Mau is waging war against the white government, and the two brothers and their family need to decide where their loyalties lie. For the practical Kamau, the choice is simple, but for Njoroge the scholar, the dream of progress through learning is a hard one to give up. The first East African novel published in English, Weep Not, Child explores the effects of the infamous Mau Mau uprising on the lives of ordinary men and women, and on one family in particular. For more than seventy years, Penguin has been the leading publisher of classic literature in the English-speaking world. With more than 1,700 titles, Penguin Classics represents a global bookshelf of the best works throughout history and across genres and disciplines. Readers trust the series to provide authoritative texts enhanced by introductions and notes by distinguished scholars and contemporary authors, as well as up-to-date translations by award-winning translators.",https://books.google.com/books/content?id=QxE3cD3gAtEC&printsec=frontcover&img=1&zoom=1&edge=curl&source=gbs_api,Heinemann,,,OL10245W,wikidata,"[""Conflict in families"", ""Honesty vs dishonesty"", ""Parent-child relationships""]",model,unreviewed,find,,
30e2dc26-e422-5c11-a2d3-878c9105ff60,Wizard of the Crow,Ngũgĩ wa Thiong'o,2006,English,curated,"A landmark of postcolonial African literature, Wizard of the Crow is an ambitious, magisterial, comic novel from the acclaimed Kenyan novelist, playwright, poet, and critic. “Wizard of the Crow is first and foremost a great, spellbinding tale, probably the crowning glory of Ngugi’s life’s work. . . . He has turned the power of storytelling into a weapon against totalitarianism.” —The Washington Post Book World Set in the fictional Free Republic of Aburiria, Wizard of the Crow dramatizes with corrosive humor and keenness of observation a battle for the souls of the Aburirian people, between a megalomaniac dictator and an unemployed young man who embraces the mantle of a magician. Fashioning the stories of the powerful and the ordinary into a dazzling mosaic, in this magnificent work of magical realism, Ngugi wa'Thiong'o—one of the most widely read African writers—reveals humanity in all its endlessly surprising complexity.",https://books.google.com/books/content?id=k5snFSTVhOsC&printsec=frontcover&img=1&zoom=1&edge=curl&source=gbs_api,,,,OL15286151W,wikidata,[],no_confident_theme,unreviewed,find,,
85d7d653-8257-51b4-b34c-12460cda882e,Wrestling with the Devil: A Prison Memoir,Ngũgĩ wa Thiong'o,2018,English,metadata,"A New York Times Editors’ Choice ""A welcome addition to the vast literature produced by jailed writers across the centuries . . . [a] thrilling testament to the human spirit."" —Ariel Dorfman, The New York Times Book Review ""Wrestling with the Devil is a powerful testament to the courage of Ngũgĩ and his fellow prisoners and validation of the hope that an independent Kenya would eventually emerge."" —Minneapolis Star Tribune ""The Ngũgĩ of Wrestling with the Devil called not just for adding a bit of color to the canon’s sagging shelf, but for abolition and upheaval."" —Bookforum An unforgettable chronicle of the year the brilliant novelist and memoirist was thrown in a Kenyan jail without charge Wrestling with the Devil, Ngũgĩ wa Thiong'o's powerful prison memoir, begins literally half an hour before his release on December 12, 1978. In one extended flashback he recalls the night, a year earlier, when armed police pulled him from his home and jailed him in Kenya's Kamĩtĩ Maximum Security Prison, one of the largest in Africa. There, he lives in a prison block with eighteen other political prisoners, quarantined from the general prison population. In a conscious effort to fight back the humiliation and the intended degradation of the spirit, Ngũgĩ—the world-renowned author of Weep Not, Child; Petals of Blood; and Wizard of the Crow—decides to write a novel on toilet paper, the only paper to which he has access, a book that will become his classic, Devil on the Cross. Written in the early 1980s and never before published in America, Wrestling with the Devil is Ngũgĩ's account of the drama and the challenges of writing the novel under twenty-four-hour surveillance. He captures not only the excruciating pain that comes from being cut off from his wife and children, but also the spirit of defiance that defines hope. Ultimately, Wrestling with the Devil is a testimony to the power of imagination to help humans break free of confinement, which is truly the story of all art.",https://books.google.com/books/content?id=lMItDwAAQBAJ&printsec=frontcover&img=1&zoom=1&edge=curl&source=gbs_api,Amazon Kindle,,,,wikidata,"[""Justice and injustice"", ""Good vs evil"", ""Oppression""]",model,unreviewed,find,,
0ce0da05-986c-5ad1-88f2-25db22aeba86,Writers in Politics,Ngũgĩ wa Thiong'o,1981,English,metadata,This book reflects many of the concerns found in Decolonising the Mind and Moving the Centre.,https://books.google.com/books/content?id=PRvQBuDFp9QC&printsec=frontcover&img=1&zoom=1&edge=curl&source=gbs_api,Heinemann,978-0-435-91751-7,0-435-91751-X,,wikidata,"[""Political violence"", ""Bad governance"", ""Ignorance""]",model,unreviewed,find,,
57a84dc6-6e76-5ef7-8ba4-46c03252eee8,The Year's Best African Speculative Fiction 2021,Oghenechovwe Donald Ekpeki,2021,English,guessed,"The Year's Best African Speculative Fiction (2021), edited by the award-winning Oghenechovwe Donald Ekpeki, is not just a book; it's a gateway to the diverse and rich world of African speculative fiction. This anthology, a winner of the Best Anthology at the World Fantasy Awards, is a groundbreaking collection that brings together twenty-nine extraordinary stories by twenty-five talented writers from Africa and its diaspora. These stories represent some of the most exciting voices in the genre, both old and new, offering readers a journey through imaginative landscapes filled with wonder, insight, and a deep understanding of the human and beyond-human experience. The anthology is a celebration of African speculative fiction, marking a significant moment in the genre. It is the first of its kind, highlighting the breadth and depth of talent that exists within the African speculative fiction community. The collection includes tales from a range of authors, including Somto O. Ihezue, Pemi Aguda, Russell Nichols, Tamara Jerée, Tlotlo Tsamaase, and many others, each contributing their unique voice and vision. The stories navigate themes of identity, culture, and the complexities of the human spirit in ways that are both universal and deeply rooted in African experiences. Oghenechovwe Donald Ekpeki, the editor, is not only a skilled anthologist but also a celebrated author in his own right. His work has received multiple accolades, including the Nommoaward and recognition as aNebula and Hugo award finalist. In editing this anthology, Ekpeki has opened a door to a realm of stories that challenge, entertain, and provoke thought, offering a vital platform for voices that are often underrepresented in the global speculative fiction landscape. This anthology is more than just a collection of stories; it is a testament to the power of speculative fiction to transcend boundaries and explore new horizons. It is highly recommended for anyone looking to delve into a world where the speculative meets the vibrantly diverse tapestry of African storytelling. Whether you're a long-time fan of speculative fiction or new to the genre, The Year's Best African Speculative Fiction (2021) is bound to leave you wonderstruck and eager for more.",https://covers.openlibrary.org/b/id/14845594-L.jpg,,,,,ol_author,[],no_confident_theme,unreviewed,find,,
e34e0577-2458-5f4e-a237-5a21f519ba57,The Year's Best African Speculative Fiction 2023,Oghenechovwe Donald Ekpeki,2024,English,guessed,"This is the third volume in this highly praised series (the first won the World Fantasy Award). Previous works have been praised for their eclectic mix of stories, offering a panorama of themes and styles. For instance, the 2021 edition included a story about a woman struggling with her identity and relationship in the face of a thought-recording device, a tale of a man fostering a rapidly evolving robot, and an adventurous narrative about a sentient robot dog engaging in space piracy. These stories not only explored advanced technologies and speculative scenarios but also delved deep into human emotions, relationships, and societal issues. Themes of personal struggles, such as dealing with depression, anxiety, and feelings of alienation, were also prominent. These were manifested through unique and powerful metaphors, like a woman whose detachable body parts symbolized her sense of disintegration and invisibility, or a story that portrayed the torment of self-contempt through the constant barrage of negative thoughts from imaginary entities. The anthology also ventured into mythic dimensions, echoing the voices and histories of entire cultures through concise yet profound storytelling. For example, flash fiction pieces in the collection reached the heights of epic poetry, encapsulating the journey of human life and cultural evolution. With such a backdrop, the 2023 volume continues this tradition of blending speculative elements with profound human experiences and cultural narratives. It's likely to feature stories that push the boundaries of imagination while staying grounded in the complexities of the human condition. Readers can anticipate a collection that entertains, provokes thought, and offers new perspectives on the future and the present. The anthology is not just a showcase of speculative fiction; it's a celebration of African storytelling, creativity, and the endless possibilities within the realm of speculative fiction.",https://covers.openlibrary.org/b/id/14845593-L.jpg,,,,,ol_author,"[""Dreams and ambitions""]",model,unreviewed,find,,
76f8ae08-f1c1-54db-bb9a-61b4ad4ab335,Things they Lost,Okwiri Oduor,2022,English,metadata,"This astonishing, devastating debut novel, riven through with mystery and magic, tells the story of a lonely girl living in a small African town and her struggle to free herself from her mercurial, charming mother. Ayosa is a wandering spirit--joyous, exuberant, filled to the brim with longing. Her only companions in her grandmother's crumbling house are as lonely as Ayosa herself: the ghostly Fatumas, whose eyes are the size of bay windows, who teach her to dance and wail at the death news; the Jolly-Annas, cruel birds who cover their solitude with spiteful laughter; the milkman, who never greets Ayosa and whose milk tastes of mud; and Sindano, the kind owner of a café no one ever visits. Unexpectedly, miraculously, one day Ayosa finds a friend. Yet she is always fixed on her beautiful mama, Nabumbo Promise: a mysterious and aloof photographer, she comes and goes as she pleases, with no apology or warning. Set at the intersection of the spirit world and the human one, Things They Lost is a stunning and unforgettable novel that unfurls the dizzying dualities of love, at its most intoxicating and all-encompassing.",https://books.google.com/books/content?id=5mRkEAAAQBAJ&printsec=frontcover&img=1&zoom=1&edge=curl&source=gbs_api,,,,OL25480392W,wikidata,"[""Identity crisis"", ""Loneliness and isolation"", ""Love and heartbreak""]",model,unreviewed,find,,
d2dd411f-c6e2-5d41-a15f-d3a23d4315ae,Con un sueño en África,Olga Marlin,2006,English,guessed,"A finales de los años cincuenta, el Opus Dei impulsó el comienzo de su labor apostólica en África. Olga Marlin y otras jóvenes de varias naciones fueron a Kenia con la idea de iniciar el primer proyecto educativo del país para chicas de todos los credos y razas. No podían imaginar que su escuela profesional llegaría a ser un College de notable prestigio. En poco tiempo lograron poner las bases para que las alumnas tuvieran deseos de superación, responsabilidad, y unos conocimientos que las preparaban para ejercer su papel en la sociedad, el trabajo y la familia. Con estilo cálido y cercano, la autora cuenta cómo la fe en su misión se mantuvo a pesar de los obstáculos, y dio fruto: ""Cuando llegué a África, vine con un sueño que se ha convertido en realidad: personas de toda clase y condición consideran su trabajo como medio de acercarse a Dios y de servir a los demás"".",https://covers.openlibrary.org/b/id/13733065-L.jpg,,,,,ol_author,"[""Education and opportunity""]",model,unreviewed,find,,
e326beee-1f8a-53c1-8845-1397a58d1874,To Africa with a dream,Olga Marlin,2002,English,guessed,"In the late 1950s, Opus Dei sought to begin apostolic work in Africa. A group of young women from various countries moved to Kenya with the aim of starting a school, one open to women of all races and beliefs, the first of its kind. Olga Marlin, who was one of those young women, tells the story of how the womens' faith in their mission was sustained despite obstacles and ultimately bore fruit.",https://books.google.com/books/content?id=K4zfoAEACAAJ&printsec=frontcover&img=1&zoom=1&source=gbs_api,,,,,ol_author,"[""Education and opportunity""]",model,unreviewed,find,,
f9289198-7863-547a-9dbf-32f49499c199,Education for a Better World,Olubayi Olubayi,2011,English,guessed,"""Education for a better world cares deeply about what kinds of people we become. People who are educated for a better world are simultaneously knowledgeable, acutely concerned for the welfare of all of humanity and actively involved in our common work of making sure that our national and global systems respect and care for all human beings, and for all other living things with which we share our ecosystem. They are cognizant of our shared humanity and of the free benefits that are provided us by healthy ecosystems."" -Education for a Better WorldEducation for a Better World is both a commentary and critical analysis of education through its historical context and present-day relevance in the information age. The complex interplay between knowledge and tradition is examined to reveal the myriad ways in which education sculpts and defines society. What follows is a discussion on the importance of education as a principal means for effecting profound social and ecological change, with examples and analyses of service learning and sustainable development initiatives. Education for a Better World presents several suggestions for the consideration of both students and educators alike toward the aim of improving education and, consequently, our world as a whole.",,,,,/works/OL39917240W,ol_author,"[""Education and opportunity"", ""Morality and ethics""]",model,unreviewed,find,,
92c2795c-e030-5109-81da-4191e371b756,Wealth not income,Olubayi Olubayi,2005,,,,,,,,/works/OL23937809W,ol_author,[],insufficient_text,unreviewed,find,,
4fbdc4c2-9052-590e-86cb-9d24eeb7ec42,Caine Prize for African Writing 2018,Olufunke Ogundimu,2018,English,guessed,"This collection brings together the five 2018 shortlisted stories, along with stories written at the Caine Prize Writers' Workshop, taking place April 2018.",https://books.google.com/books/content?id=3yuKswEACAAJ&printsec=frontcover&img=1&zoom=1&source=gbs_api,,,,,ol_author,[],no_confident_theme,unreviewed,find,,
a3fae42f-7380-59ca-bf98-08bfec7569a2,Devil's own,P. M. Kareithi,1977,,,,https://books.google.com/books/content?id=dcAIAQAAIAAJ&printsec=frontcover&img=1&zoom=1&source=gbs_api,,,,/works/OL31615262W,ol_author,[],insufficient_text,unreviewed,find,,
70c1fbd2-e0a2-57a9-9874-88a6c13a3760,Guide to politics in Mbiri,P. M. Kareithi,1979,English,guessed,Number 6 includes cumulative main and added entry index for the monographs listed in that year.,https://books.google.com/books/content?id=G76ybN1L8bEC&printsec=frontcover&img=1&zoom=1&source=gbs_api,,,,,ol_author,"[""Corruption and governance""]",model,unreviewed,find,,
a6a97b3b-8c9f-57f3-9256-28589362b950,Kaburi bila msalaba,P. M. Kareithi,1969,English,guessed,"This handbook provides a critical overview of literature dealing with groups of people or regions that suffer marginalization within Africa. The contributors examine a multiplicity of minority discourses expressed in African literature, including those who are culturally, socially, politically, religiously, economically, and sexually marginalized in literary and artistic creations. Chapters and sections of the book are structured to identify major areas of minority articulation of their condition and strategies deployed against the repression, persecution, oppression, suppression, domination, and tyranny of the majority or dominant group. Bringing together diverse perspectives to give a holistic representation of the African reality, this handbook is an important read for scholars and students of comparative and postcolonial literature and African studies.",https://books.google.com/books/content?id=13vgDwAAQBAJ&printsec=frontcover&img=1&zoom=1&edge=curl&source=gbs_api,,,,,ol_author,"[""Peer pressure""]",model,unreviewed,find,,
9ebc18d9-a885-50b4-be8d-4ebf5b78a84c,The broken pot,P. M. Kareithi,1976,English,guessed,The book is about a young boy whose mother has just died. The story is about the struggles of the young family as they adjust to a new life without wife and mother.,https://books.google.com/books/content?id=TGHRAAAAMAAJ&printsec=frontcover&img=1&zoom=1&source=gbs_api,,,,,ol_author,"[""Conflict in families"", ""Youth and unemployment"", ""Parent-child relationships""]",model,unreviewed,find,,
0a39dfa4-5e8d-5719-aed6-82ebc0951ed7,The maize plant,P. M. Kareithi,1969,English,guessed,,https://books.google.com/books/content?id=PBlXAAAAMAAJ&printsec=frontcover&img=1&zoom=1&source=gbs_api,,,,/works/OL3583059W,ol_author,[],insufficient_text,unreviewed,find,,
779fdcc3-5159-581b-b24d-c1b678cf6d2a,An encumbered regional power?,Peter Kagwanja,2009,English,guessed,"The main focus of this paper is the link between South Africa's grand pan-African ambitions, especially in the area of peace, security and governance, and its own capacity to pursue these objectives. Specifically, the paper examines Pretoria's involvement in Africa, and its internal capacity to support its mediation, peacekeeping and strengthening of the abilities of African institutions for peacemaking. Further, it examines the challenges posed by tension between its pan-African and economic interests as well as power rivalry at the continental level, which have greatly limited its ability to play a more assertive role in regional political and economic developments. Since its transition from apartheid to democracy in April 1994, South Africa has been an increasingly important player in peace promotion activities across the continent. Because of its moral power arising from its unique transition from apartheid to democracy, and its military and economic might, South Africa is widely viewed as being in the same league as other global middle-sized powers, and as a regional 'superpower'.",https://books.google.com/books/content?id=aUNDAQAAIAAJ&printsec=frontcover&img=1&zoom=1&source=gbs_api,,,,,ol_author,"[""Civic responsibility"", ""Community solidarity"", ""Urbanization""]",model,unreviewed,find,,
22e2f613-aae2-5b4f-a090-d7263fd9eea9,Eye on the nation,Peter Kagwanja,2014,English,guessed,"This book thematically tackles issues that relate to the perpetual struggle between the forces of control and the forces of mental and intellectual liberation in Africa and Kenya in particular. The book addresses the colonial legacy of poverty creation, as well as the socio-political conditioning of Africans to dislike each other and to be irresponsible and disunited in the face of external threats. Poverty, hatred of other Africans, and excessive dependency on European powers can be traced to the policies adopted by colonial officials. Related to these issues, is post-colonial Kenya's attempts to addresses the political developments, the involvement of different types of media in those developments, Kenya's foreign policy, and the problem of political party transition. Ultimately, there are topical issues that continue to affect Kenya which include the question of coalition politics, the lessons of the 2002 elections, the media and corruption, parliament and foreign policy, and Africa's relations with the United States of America.",https://books.google.com/books/content?id=U9m6CAAAQBAJ&printsec=frontcover&img=1&zoom=1&edge=curl&source=gbs_api,,,,,ol_author,"[""Oppression"", ""Greed""]",model,unreviewed,find,,
98535a13-31c2-58be-be80-185340cf0162,Kenya's Uncertain Democracy,Peter Kagwanja,2010,English,guessed,"The plunging of Kenya, until recently a centre of stability and growth in East Africa, into political and economic uncertainty following the general election of December 2007 is regarded as a major cause for global and African concern. It is widely accepted that the elections were deeply flawed, and that there was electoral malfeasance by all the major players. President Kibaki's rapid declaration of victory in the face of a heavily disputed election and his determination to hold on to the levers of state power precipitated a deadly crisis, communal violence and economic decline. A power-sharing deal between Kibaki and Opposition leader, Raila Odinga signed in February seems to be holding, but Kenya ranks among the worlds’ growing number of democracies at-risk. This book takes a new look at the 2007 election, the post-election crisis, the underlying interaction of ethnicity, class and political power; forced displacement, the role of international forces; and the country’s power-sharing arrangement. The study will draw upon the expertise of a variety of leading experts on Kenya, and will be edited by Peter Kagwanja and Roger Southall. The overall project was based on a workshop in Nairobi on 6-7 December 2008. This book was published as a special issue of the Journal of Contemporary African Studies.",https://books.google.com/books/content?id=ZcfdAAAAQBAJ&printsec=frontcover&img=1&zoom=1&edge=curl&source=gbs_api,,,,,ol_author,"[""Corruption and governance"", ""Bad governance"", ""Post-independence struggles""]",model,unreviewed,find,,
e06379f6-658c-5800-aa11-865fd69041ca,Kiraitu Murungi,Peter Kagwanja,2012,English,guessed,"Breaking the Illusions is the story of resolve and grit in the face of seemingly insurmountable challenges. In this tell-all book, the author paints an insider's view of government, exposing the odds that are inexorably ranged against those who challenge the status quo and are perceived to be all-powerful. Hers is the intriguing story of a mistaken tag that at once opens multiple warfronts with shadowy detractors and opens previously unimaginable doors. The author provides a window into statecraft in a way that leaves the reader, researchers, ministers and even serving and aspiring public servants the richer.",https://books.google.com/books/content?id=tR35EAAAQBAJ&printsec=frontcover&img=1&zoom=1&edge=curl&source=gbs_api,,,,,ol_author,"[""Truth and deception""]",model,unreviewed,find,,
2437a747-85f9-509e-a7ca-1d80ab360123,Paving Africa's silk road,Peter Kagwanja,2016,,,,,,,,/works/OL32583292W,ol_author,[],insufficient_text,unreviewed,find,,
83c154e9-69c8-59c2-afbf-553615b8c9af,Africa to 2000 and beyond,Philip Ndegwa,1994,English,guessed,,https://covers.openlibrary.org/b/id/3909882-L.jpg,,,,/works/OL3738081W,ol_author,[],insufficient_text,unreviewed,find,,
9f6906ad-2a9f-5526-872b-7cb2ea360fcc,Africa's Development Crisis,Philip Ndegwa,1986,,,,,,,,/works/OL28222213W,ol_author,[],insufficient_text,unreviewed,find,,
7a8383f7-2960-5e0c-ad0b-a5a048a4f1a5,Africa's Development Crisis and Related International Issues,Philip Ndegwa,1986,English,guessed,,https://covers.openlibrary.org/b/id/11694519-L.jpg,,,,/works/OL3738080W,ol_author,[],insufficient_text,unreviewed,find,,
6aa765e1-ab54-55b2-aa85-a75aaf9fe1b5,Management for development,Philip Ndegwa,1987,English,guessed,,https://books.google.com/books/content?id=NAk6AQAAMAAJ&printsec=frontcover&img=1&zoom=1&edge=curl&source=gbs_api,,,,/works/OL19059607W,ol_author,[],insufficient_text,unreviewed,find,,
d63f44bd-1115-5271-9dc0-10679752b1f0,Philip Ndegwa on Africa's development crisis and related international issues,Philip Ndegwa,1985,English,guessed,,,,,,/works/OL3738082W,ol_author,[],insufficient_text,unreviewed,find,,
a7557a7b-44f1-5fed-a793-a55d6a449170,Report of Symposium on Development Options for Africa in the 1980s and Beyond,Philip Ndegwa,1983,English,guessed,Of the dialogue / Philip Ndegwa (7 p.). -- Accelerated development in Sub-Saharan Africa : a review / Philip Ndegwa (11 p.). -- Africa in the 1980s : what are the key issues? / Reginald Herbold Green (23 p.). -- Choices for rural and urban development : the case for an employment focus / Ian Livingstone (18 p.). -- Labour utilization and the employment problem in Africa / Leo P Mureithi (12 p.). -- Planning in Ethiopia / Teshome Mulat (16 p.). -- Uganda government measures to rehabilitate and revive the Uganda economy / Erisa O Ochieng (19 p.).,https://books.google.com/books/content?id=Ly_UAAAAMAAJ&printsec=frontcover&img=1&zoom=1&source=gbs_api,,,,,ol_author,"[""Hard work"", ""Youth and unemployment"", ""Resource exploitation""]",model,unreviewed,find,,
168a05f4-4119-581e-a984-665d9766e1c7,The African challenge,Philip Ndegwa,1986,English,guessed,,https://books.google.com/books/content?id=iyrUAAAAMAAJ&printsec=frontcover&img=1&zoom=1&source=gbs_api,,,,/works/OL3738079W,ol_author,[],insufficient_text,unreviewed,find,,
1b546e89-fbee-53a5-8043-fa4e4eb42ff1,The common market and development in East Africa,Philip Ndegwa,1965,English,guessed,"This reissue, first published in 1969 brings together structural and analytical studies of seven single African countries, together with two studies of groups of countries which, although politically separate, have in the past had close economic links. These countries are Algeria, Cameroon, Ghana, Ivory Coast, Liberia, Nigeria and the Sudan. The groups are East Africa, comprising Kenya, Uganda and Tanzania; and Central Africa, comprising Rhodesia, Malawi and Zambia.The countries have been chosen to bring out the main contemporary economic issues arising in the efforts of the independent African States to achieve economic growth. The book will be invaluable to students and practicing economists concerned with Africa and the developing economies generally.",https://covers.openlibrary.org/b/id/9635055-L.jpg,,,,,ol_author,"[""Resource exploitation""]",model,unreviewed,find,,
141d2397-cd75-5dd0-875c-03c2fdb29ade,Aus dem Gefängnis,Philo Ikonya,2010,English,guessed,"Philo is a Kenyan-born writer and lecturer, currently living in exile in Norway.",https://books.google.com/books/content?id=COxEHp9hLW4C&printsec=frontcover&img=1&zoom=1&edge=curl&source=gbs_api,,,,,ol_author,[],no_confident_theme,unreviewed,find,,
70587b1f-47af-51e5-9923-224239d065e3,Invincible Nubia - adios Lampedusa!,Philo Ikonya,2015,,,,,,,,/works/OL32753147W,ol_author,[],insufficient_text,unreviewed,find,,
1aa1784c-e6e2-513d-8111-8d841029fe6b,"Kenya, Will You Marry Me?",Philo Ikonya,2011,English,guessed,"On my cell-phone the time is 3.00am. I am not holding a religion in my hand to check the hour, just a cell phone to orient me. This is a June morning and it is cold here. I turn in my bed and close my eyes. The map of Kenya appears first vaguely on my mind. It has no in-land features but this shape I see is definitely hers. Burning borders. Red inside. It is not the red of wine or even Christmas. We are not in celebration. Inside burning borders she is a deep reddish brown color; angry red. Coffee red. It is a red which disturbs my mind. [....] The taste of injustice is bitter. It kills the minds and souls of the living. How do we close chapters of the pain of a nation without closure? You are new. I know you. I love you, Kenya. From your earth, your soil, I was created because it is your earth my parents ate. Yet still, I have to ask you if I can step on your soil today. If you can please accept me to walk on you here and there, for this I will always plead. My feet you see, are my heart! They love you. I feel your pain directly from the soil into my heart when I walk on you. And you have been hurt so many times.",https://books.google.com/books/content?id=nXM1EQAAQBAJ&printsec=frontcover&img=1&zoom=1&edge=curl&source=gbs_api,,,,,ol_author,"[""Religion and spirituality"", ""Marriage and relationships"", ""Ethnic diversity""]",model,unreviewed,find,,
af083128-6ebb-54cb-952b-d4f3cd8f063f,Leading the Night,Philo Ikonya,2010,English,guessed,"Deprived of being heard, people still have a voice. They make it heard in ways that disturb the status quo. This book is an engagement with such voices. Can Deni, Wairi, Yaadi, matatu people, militia people and taxi drivers in Kenya also ask ""Who am I to be brilliant, gorgeous, talented, fabulous?"" as Nelson Mandela did. Why do two men wearing bling bling turn into two snakes dancing in Rika's imagination? The web of corruption is intricate. No-one can lead this night alone. It takes many constellations, each one twinkling in its own radius. Many rays of light dispel darkness. The peoples' good leadership alone can check politicians' terrible ways. Philo Ikonya is the author of two poetry anthologies, This Bread of Peace and Out if Prison.",https://covers.openlibrary.org/b/id/10243246-L.jpg,,,,,ol_author,"[""Silence and voice"", ""Power of language"", ""Identity crisis""]",model,unreviewed,find,,
db44f39b-fa2b-53c1-a5d9-4e79dbbccbd7,Splintering Silence,Philo Ikonya,2014,English,guessed,"In Splintering Silence, Philo Ikonya takes us to the source of her strength and power. Her poems rise from a gamut of experiences and thoughts, her philosophy and vision. In this amazing collection, soulful, reflective and introspective the poet searches with us even into her own name. The one she was given by her ancestors and the ones she is called by. She says darkness is visible in light but both are us and therefore we must reach for the 'I' and surprise ourselves hailing ourself: Hello Darkness My Old Friend! This book is a celebration of the resilience of spirit and a constant loving compassion for the love of humanity. Philo Ikonya connects with activism and change in practical ways and liberating thoughts.",https://books.google.com/books/content?id=r3M1EQAAQBAJ&printsec=frontcover&img=1&zoom=1&edge=curl&source=gbs_api,,,,,ol_author,"[""Silence and voice""]",model,unreviewed,find,,
a5a3f944-9e3c-57c1-9cd1-ef5fd40c5ed6,Still Sings the Nightbird,Philo Ikonya,2013,English,guessed,"Do we live inside the breasts of our mothers? In the mind and hearts of two women, indeed at their breasts a nation lives. The whole universe is in the lives of the people Philo writes about. They hear the song of the nightjar and it has meaning. Inside a mother's chest her daughter hangs like a silent unvenerated Pieta.""Wakabi has eyes inside her breast. She sees from inside there. She knows this story well..."" A country's literature is rooted in its history. But when history is full of hardship can authors create books pregnant with optimism? In Still Sings the Nightbird Philo Ikonya defies the currents of hopelessness to point her readers to a glimmer of light at the end of the tunnel of nightmares. Out of the lonely cry of a nightjar, the rape of Kabi and indeed of Kenya, appears a light beaming into a brighter future.",https://books.google.com/books/content?id=qXM1EQAAQBAJ&printsec=frontcover&img=1&zoom=1&edge=curl&source=gbs_api,,,,,ol_author,"[""Marriage and relationships"", ""Family unity"", ""Parent-child relationships""]",model,unreviewed,find,,
dc720bbd-8cdd-5362-863e-c681234d6624,The Kenyan boy who became the president of America,Philo Ikonya,2008,English,guessed,,,,,,/works/OL13657202W,ol_author,[],insufficient_text,unreviewed,find,,
e2029e45-a691-56e6-a2c3-fc662abecfbb,This bread of peace,Philo Ikonya,2010,English,guessed,"Philo is a Kenyan-born writer and lecturer, currently living in exile in Norway.",https://books.google.com/books/content?id=COxEHp9hLW4C&printsec=frontcover&img=1&zoom=1&edge=curl&source=gbs_api,,,,,ol_author,[],no_confident_theme,unreviewed,find,,
ac72b191-aeea-527c-9289-06a7543fcc8f,Lords of Impunity,Rasna Warah,2022,English,guessed,"A former UN insider's account of how one of the world's most influential organizations allows the most heinous crimes - from the theft of donor funds to the sexual exploitation of refugees - to take place under its watch without suffering any consequences. Lords of Impunity is an in-depth analysis of recent crises and events that the United Nations failed to tackle adequately, with a special focus on the #MeToo and Black Lives Matter movements. It reveals how white privilege, misogyny and a culture of impunity at the UN create a toxic work environment that even impacts how UN projects and programs are implemented. The book debunks the myth that the United Nations is a club of equals committed to preventing wars and protecting the world's most vulnerable people. It contains a list of recommendations on how the UN can be transformed so that it can live up to its ideals and mandate.",https://covers.openlibrary.org/b/id/14829774-L.jpg,,,,,ol_author,"[""Justice and injustice"", ""Oppression"", ""Bad governance""]",model,unreviewed,find,,
b81b7357-6986-50ae-af0e-0c7691c44a25,"Missionaries, Mercenaries and Misfits",Rasna Warah,2008,English,guessed,"Missionaries, Mercenaries and Misfits is a book that will make us re-imagine our world and our place in it, and force us to reconsider the value of ""development"" and what it really means to the people of Africa. All the contributors to this anthology approach the notion of development through their own worldviews and experiences: many are convinced that it is time to declare the death of development as an idea, as an ideology, and as an industry. The essays in this book come from various writers, most of whom are either based in East Africa, or are part of its diaspora, or who have worked, often as developmentalists in their own way, within Africa. Consequently, this extremely accessible collection does not attempt the grand sweep, raging aimlessly against the development machine with general complaints that fail to hit their mark. Rather, it is a focused peep into international, regional and local attempts to develop Africa, thereby exposing the reader to a much-needed African perspective on the development industry and why it has failed so miserably in lifting millions of people out of poverty.",https://covers.openlibrary.org/b/id/10685855-L.jpg,,,,,ol_author,"[""Ignorance"", ""Laziness"", ""Resource exploitation""]",model,unreviewed,find,,
428ddf07-b5cf-5f1a-af34-f057e5b7106d,Mogadishu Then and Now,Rasna Warah,2012,English,guessed,"Mogadishu was once one of the prettiest and most cosmopolitan cities in Africa. The city has a long history that dates back to the 10th century when Arab and Persian traders began settling there. For centuries, Mogadishu was a traditional centre for Islam and an important hub for trade with communities along the Indian Ocean coastline. However, since the beginning of the civil war in the early 1990s, Somalia's capital city has gained the reputation of being the most dangerous and violent city in the world. Mogadishu Then and Now is an attempt to redeem the city's damaged reputation and restore its lost glory in the public imagination and in the Somali people's collective memory. The book showcases Mogadishu in all its splendour prior to the civil war and contrasts this with the devastation and destruction that has characterised the city for more than two decades. It should be of particular interest to historians, urban planners, architects and and anthropologists.",https://covers.openlibrary.org/b/id/10685052-L.jpg,,,,,ol_author,"[""Urbanization""]",model,unreviewed,find,,
e8b5b089-6bee-5dde-9f11-89c9446cae6e,Red soil and roasted maize,Rasna Warah,2011,English,guessed,"Red Soil and Roasted Maize is a selection of Kenyan writer Rasna Warahs most poignant, introspective and satirical articles, columns and essays that provide snapshots and analyses of events that have shaped Kenyans lives and dreams in the last decade, from the turbulent transition to democracy in 2002 to a flawed election in 2007 that had a deep impact on Kenyas political, economic and social landscape. She candidly deciphers and describes the perils of growing ethnic chauvinism and corruption in an increasingly polarised nation and examines her own life as a writer in one of Africas most diverse and unequal societies.",https://books.google.com/books/content?id=7872VHecdigC&printsec=frontcover&img=1&zoom=1&edge=curl&source=gbs_api,,,,,ol_author,"[""Agriculture and food security"", ""Land and displacement"", ""Urban vs rural life""]",model,unreviewed,find,,
e5b2dac2-bb6c-5370-9189-f2f498811e53,Triple heritage,Rasna Warah,1998,,,,https://books.google.com/books/content?id=J18wAQAAIAAJ&printsec=frontcover&img=1&zoom=1&source=gbs_api,,,,/works/OL19524222W,ol_author,[],insufficient_text,unreviewed,find,,
2e11f473-fb79-56be-9d50-421f279028b6,Unsilenced,Rasna Warah,2016,English,guessed,"In a world experiencing increasing conflicts, terrorism and displacement, many people are wondering what the United Nations the organization established in 1945 to save future generations from the scourge of war should or could have done to prevent these disasters from escalating. UNsilenced shows that, in fact, the UN has remained a bystander in many of these conflicts and that peace-building efforts have not only been undermined by the five permanent members of the UN Security Council, but also by the UNs many agencies and programmes. The book exposes how, under the guise of development, stability and the war on terror, the UN fails to prevent conflicts in many parts of the world, and in some cases, misleads the public about the scale of a problem. The book also reveals the web of lies, cover-ups, corruption and impunity within the United Nations that has allowed wrongdoing to continue unabated. Many of these acts of wrongdoing occur or continue because the UN fails to protect whistleblowers; on the contrary, most UN whistleblowers experience severe retaliation. UNsilenced describes how whistleblowers have been denied justice within the UN system and how the immunity accorded to UN officials and the conflict of interest inherent in the UNs internal justice system allow the perpetrators of criminal or unethical activities to go unpunished. The book is an urgent call for a serious reform of this bureaucratic, arcane and increasingly politicized organization because not doing so constitutes a betrayal of the trust invested in it by the people and countries that depend on it.",https://covers.openlibrary.org/b/id/14848269-L.jpg,,,,,ol_author,"[""Hope and despair""]",model,unreviewed,find,,
35436aae-5919-53eb-9acd-4a6ed0f0b259,War crimes,Rasna Warah,2014,English,guessed,"In War Crimes Kenyan journalist Rasna Warah exposes how foreign governments and humanitarian agencies conspired to keep Somalia in a permanent state of under-development and conflict and how Somali politicians, warlords, clan-based fiefdoms and terrorists benefited from the ensuing chaos and anarchy. The book is about the many war crimes that have taken place in Somalia in the name of peace, development, religion and reconciliation. It reveals who gained from the spoils of war and who paid the price. War Crimes is an insightful examination of why a failed state colluded in its own destruction and why the international community did little to stop it.",https://books.google.com/books/content?id=0WQOBAAAQBAJ&printsec=frontcover&img=1&zoom=1&edge=curl&source=gbs_api,,,,,ol_author,"[""Corruption and governance"", ""Political violence"", ""Justice and injustice""]",model,unreviewed,find,,
14374e03-76cd-5b14-bbf9-6fb3deade0aa,Mfalme Chui Mkatili,Rebecca Nandwa,2001,,,,https://covers.openlibrary.org/b/id/14071820-L.jpg,,,,/works/OL6007669W,ol_author,[],insufficient_text,unreviewed,find,,
606669b5-ef50-536c-a92b-b319d693f1bd,Mnyama mwenye huruma,Rebecca Nandwa,2005,,,,https://books.google.com/books/content?id=56yJkgv8QlQC&printsec=frontcover&img=1&zoom=1&edge=curl&source=gbs_api,,,,/works/OL38970364W,ol_author,[],insufficient_text,unreviewed,find,,
0b881920-8849-54b2-b630-594acc9dd457,Naledi,Rebecca Nandwa,2006,,,,,,,,/works/OL33394999W,ol_author,[],insufficient_text,unreviewed,find,,
f8bc5807-0f39-5418-94b2-c550575bd431,Kenya women heroes and their mystical power,Rebeka Njau,1984,English,guessed,,,,,,/works/OL5254353W,ol_author,[],insufficient_text,unreviewed,find,,
65aa4b79-f599-5838-93a1-70fb33c98379,Mirrors of my life,Rebeka Njau,2019,English,guessed,,,,,,/works/OL32308684W,ol_author,[],insufficient_text,unreviewed,find,,
8cf193f4-59b5-593c-b444-1d0a45143c1c,Ripples in the pool,Rebeka Njau,1975,English,guessed,,https://covers.openlibrary.org/b/id/14720299-L.jpg,,,,/works/OL18494341W,ol_author,[],insufficient_text,unreviewed,find,,
7eb6c90b-9918-540d-85bb-64baeba977cb,The hypocrite and other stories,Rebeka Njau,1977,English,guessed,,https://books.google.com/books/content?id=yMEIAQAAIAAJ&printsec=frontcover&img=1&zoom=1&source=gbs_api,,,,/works/OL5254348W,ol_author,[],insufficient_text,unreviewed,find,,
5b912e55-7816-515f-bb81-bc7f3c5866d3,The sacred seed,Rebeka Njau,2003,English,guessed,,https://books.google.com/books/content?id=3UogAQAAIAAJ&printsec=frontcover&img=1&zoom=1&source=gbs_api,,,,/works/OL5254351W,ol_author,[],insufficient_text,unreviewed,find,,
f12edb5e-92bd-5290-85fc-d314a0d339ba,The scar : a tragedy in one act,Rebeka Njau,,English,metadata,"Female genital excision, or the ritual of cutting the external genitals of girls and women, is undoubtedly one of the most heavily and widely debated cultural traditions of our time. By looking at how writers of African descent have presented the practice in their literary work, Elisabeth Bekers shows how the debate on female genital excision evolved over the last four decades of the twentieth century, in response to changing attitudes about ethnicity, nationalism, colonialism, feminism, and human rights. Rising Anthills (the title refers to a Dogon myth) analyzes works in English, French, and Arabic by African and African American writers, both women and men, from different parts of the African continent and the diaspora. Attending closely to the nuances of language and the complexities of the issue, Bekers explores lesser-known writers side by side with such recognizable names as Ngugi wa Thiong’o, Flora Nwapa, Nawal El Saadawi, Ahmadou Kourouma, Calixthe Beyala, Alice Walker, and Gloria Naylor. Following their literary discussions of female genital excision, she discerns a gradual evolution—from the 1960s, when writers mindful of its communal significance carefully “wrote around” the physical operation, through the 1970s and 1980s, when they began to speak out against the practice and their societies’ gender politics, to the late 1990s, when they situated their denunciations of female genital excision in a much broader, international context of women’s oppression and the struggle for women’s rights.",https://books.google.com/books/content?id=LgXcoW9HYIcC&printsec=frontcover&img=1&zoom=1&edge=curl&source=gbs_api,,,,,wikidata,"[""Trauma and healing"", ""Gender roles and feminism"", ""Cultural heritage""]",model,unreviewed,find,,
b18561b0-f961-54c3-8290-48563056d2f2,Gods Leading Lady,Rev. Lucy Natasha,2018,English,guessed,"Rev. Lucy Natasha delves into the lives of eight Bible women who walked in God's special fa-vour that ushered them into positions of honour, obtained mercy that made them whole, received wisdom and excelled in leadership roles, experienced joy unspeakable because of God's promises being fulfilled in their lives. Amongst us are women battling with fears, insecurities, ailments, shame and all manner of misfortunes but just like these eight women, God's grace has been made available and their testimonies can as well be replicated in the life of Jackie, Stella, Amanda or the girl next door. Christ, our Kinsman Redeemer awaits with arms wide open to offer victory, restoration and a new life. Rev. Natasha ministers encouragement and hope to every woman and man who is caught up in the web of lies that satan often throws around with the intention of robbing God's children of their Kingdom identity and destiny. Every chapter in God's Leading Lady emphasises the fact that God cannot be limited or hindered by age, race or social status. He can use anyone who is obedi-ent and fully surrendered to walk in the pathways of His perfect will. Spread across the pages of this book is a message of Jehovah's limitless power, enduring faithfulness and sufficient grace that should inspire us to arise and shine because our light has come. Sons of God, the whole creation is yearning and groaning for your manifestation!",https://covers.openlibrary.org/b/id/9178734-L.jpg,,,,,ol_author,"[""Gender roles and feminism""]",model,unreviewed,find,,
b68c90ab-2896-56e6-b18b-9b8f55e7d70c,Touching Heaven Through Prayer,Rev. Lucy Natasha,2018,English,guessed,"Touching Heaven Through Prayer is based on the authors personal experience of embracing a closer walk with God through prayer. In the book you will discover the secrets of a prayer warrior. 1. God's promises are idle until men claim them through earnest prayer 2. Prayer is an indication of your spiritual life and vitality 3. When prayers are answered, it increases your faith, when answers are delayed it increases your patience and when prayers are not answered God has a better thing for you. 4. You see more on your Knees than on your feet 5. Prayer is a sin killer, a power bringer, a victory giver, a holiness promoter, a dispute solver, an obstacle remover and Christ revealer.",https://books.google.com/books/content?id=xn0ltQEACAAJ&printsec=frontcover&img=1&zoom=1&source=gbs_api,,,,,ol_author,"[""Selfishness"", ""Generosity"", ""Religion and spirituality""]",model,unreviewed,find,,
0b8de365-c7b6-5287-8ee7-2265142e3b3c,Origins,Richard Leakey,1977,English,metadata,"An account of Richard Leakey's search for not only human origins, but also the origin of humanity. Since writing Origins in 1978, he has shifted his studies from the eastern to the western shore of Lake Turkana in Kenya. Richard Leakey also wrote People of the Lake and The Making of Mankind.",https://covers.openlibrary.org/b/id/11690831-L.jpg,,,,OL2921842W,wikidata,[],no_confident_theme,unreviewed,find,,
4dc976a7-5dfe-5a65-bb45-de99212dc871,"Kiswahili, past, present and future horizons",Rocha Chimera,1998,English,guessed,"Kiswahili is the fastest growing African language. The author, Professor of Kiswahili at Egerton University, here describes this growth and examines Kiswahili as an alternative to European languages in East Africa and as an international language for Africa. He covers the controversial theories of the origination and development of Kiswahili, the effects of the use of English as the language of instruction in Kenya and the status of Kiswahili in trade, religion and politics in East and Central Africa, within a continental context. A country analysis of Tanzania, Kenya and Uganda reveals the spread of Kiswahili as a mother tongue and second language; its use in creative writing and music, and its status in language policies. The argument for Kiswahili as the language of Africa is also discussed.",https://books.google.com/books/content?id=yWVkAAAAMAAJ&printsec=frontcover&img=1&zoom=1&source=gbs_api,,978-9966-846-35-8,,,wikidata,"[""Power of language"", ""Language and identity""]",model,unreviewed,find,,
585252c8-45b1-5b75-902d-1260a93bbbdf,Monitoring state-sponsored violence in Africa,Sally Sealey,2000,English,guessed,,https://books.google.com/books/content?id=mbWcAAAAMAAJ&printsec=frontcover&img=1&zoom=1&source=gbs_api,,,,/works/OL23798365W,ol_author,[],insufficient_text,unreviewed,find,,
e7fc920f-7557-57c6-af3d-05d0030428c4,Dedan Kimathi,Samuel Kahiga,1990,English,guessed,"This offers an alternative to the colonialistand nationalist explanations of the Mau Mau revolt, examining a widely studied period of Kenyan history from a new perspective.",https://books.google.com/books/content?id=pJSFDAAAQBAJ&printsec=frontcover&img=1&zoom=1&edge=curl&source=gbs_api,,,,,ol_author,"[""Colonialism and resistance""]",model,unreviewed,find,,
0fa7ef1c-df3c-5274-803b-bf36d69e64af,Flight to Juba,Samuel Kahiga,1979,English,guessed,,https://books.google.com/books/content?id=otAIAQAAIAAJ&printsec=frontcover&img=1&zoom=1&source=gbs_api,,,,/works/OL3451016W,ol_author,[],insufficient_text,unreviewed,find,,
7fc256bb-bd71-5b4e-a426-da57ff099289,Lover in the sky,Samuel Kahiga,1975,English,guessed,,https://books.google.com/books/content?id=8H_wS7H0FrsC&printsec=frontcover&img=1&zoom=1&edge=curl&source=gbs_api,,,,/works/OL3451018W,ol_author,[],insufficient_text,unreviewed,find,,
fe8dcfe8-e479-5a48-bbff-ffd9fdc9c766,Paradise farm,Samuel Kahiga,1993,,,,https://books.google.com/books/content?id=zdPyAAAAMAAJ&printsec=frontcover&img=1&zoom=1&source=gbs_api,,,,/works/OL3451019W,ol_author,[],insufficient_text,unreviewed,find,,
b56da07a-4d4e-5791-b680-1566614ca36d,The girl from abroad,Samuel Kahiga,1974,English,guessed,,https://covers.openlibrary.org/b/id/8441685-L.jpg,,,,/works/OL3451017W,ol_author,[],insufficient_text,unreviewed,find,,
fff9a7af-3153-5756-bdaf-bd1234edddae,When the stars are scattered,Samuel Kahiga,1979,English,guessed,,https://covers.openlibrary.org/b/id/4377948-L.jpg,,,,/works/OL3451020W,ol_author,[],insufficient_text,unreviewed,find,,
e2db9d09-dd03-51f3-a2cd-ed23239363f2,Palgrave Handbook of Contemporary Kenya,Shadrack Wanjala Nasong'o,2023,English,guessed,"This volume is a bold attempt to address a comprehensive range of themes and issues relating to contemporary Kenya. It covers independent Kenya’s history, society, culture, economics, politics, and environment with great breadth and depth, comprising thirty-four chapters divided into three parts. Part I focuses on independence and the political economy of development, followed by Part II on environment, globalization, gender, and society. Part III examines the external context’s impact and implications for Kenya and the role of Kenya in the global political economy.",https://books.google.com/books/content?id=K6a7EAAAQBAJ&printsec=frontcover&img=1&zoom=1&edge=curl&source=gbs_api,,,,,ol_author,"[""Urban vs rural life"", ""Post-independence struggles"", ""Climate and nature""]",model,unreviewed,find,,
3959f423-5af8-578b-bf55-ae3c04f52344,Palgrave Handbook of Kenya and Its History,Shadrack Wanjala Nasong'o,2023,English,guessed,"This volume is a bold attempt to address a comprehensive range of themes and issues relating to contemporary Kenya. It covers independent Kenya’s history, society, culture, economics, politics, and environment with great breadth and depth, comprising thirty-four chapters divided into three parts. Part I focuses on independence and the political economy of development, followed by Part II on environment, globalization, gender, and society. Part III examines the external context’s impact and implications for Kenya and the role of Kenya in the global political economy.",https://books.google.com/books/content?id=K6a7EAAAQBAJ&printsec=frontcover&img=1&zoom=1&edge=curl&source=gbs_api,,,,,ol_author,"[""Climate and nature"", ""Post-independence struggles"", ""Colonialism and resistance""]",model,unreviewed,find,,
f4ea743e-8d3b-527f-8eff-13fd78c32c9c,Migritude,Shailja Patel,2010,English,metadata,"The U.S. debut of internationally acclaimed poet and performance artist Shailja Patel, Migritude is a tour-de-force hybrid text that confounds categories and conventions. Part poetic memoir, part political history, Migritude weaves together family history, reportage and monologues to create an achingly beautiful portrait of women's lives and migrant journeys undertaken under the boot print of Empire. Patel, who was born in Kenya and educated in England and the U.S., honed her poetic skills in performances of this work that have received standing ovations throughout Europe, Africa and North America. She has been described by the Gulf Times as ""the poetic equivalent of Arundhati Roy"" and by CNN as ""the face of globalization as a people-centered phenomenon of migration and exchange."" Migritude includes interviews with the author, as well as performance notes and essays.",https://books.google.com/books/content?id=B2DdSQAACAAJ&printsec=frontcover&img=1&zoom=1&source=gbs_api,Kaya Press,,,,wikidata,[],no_confident_theme,unreviewed,find,,
a3409c5e-2f34-5413-9f00-018a1f353d52,Foundational African Writers,Simon Gikandi,2022,English,guessed,"This collection explores the complexities of black existence, and intellectual and cultural life in the work and legacies of centenarian writers, Peter Abrahams, Noni Jabavu, Sibusiso Cyril Lincoln Nyembezi and Es’kia Mphahlele",https://books.google.com/books/content?id=tNtJEAAAQBAJ&printsec=frontcover&img=1&zoom=1&edge=curl&source=gbs_api,Wits University Press,,,,wikidata,"[""Indigenous knowledge"", ""Cultural heritage"", ""Naming and symbolism""]",model,unreviewed,find,,
2004e9af-aea6-5a3f-96e1-4ec75bc282ad,Maps of Englishness,Simon Gikandi,1996,English,metadata,"Gikandi explores the politics of identity to analyze how the colonial experience inspired narrative forms that changed the nature of the English identity by surveying the British imperial tradition since the nineteenth century. He provides detailed readings of the works of Trollope, Carlyle, and others; through the narratives of imperial women travelers such as Mary Kingsley and Mary Seacole; and through Africanist texts by Joseph Conrad, Graham Greene and postcolonialists such as Salman Rushdie and Joan Riley.",https://books.google.com/books/content?id=QeodrOfS7zQC&printsec=frontcover&img=1&zoom=1&edge=curl&source=gbs_api,Columbia University Press,978-0-231-07611-1,0-231-07611-8,,wikidata,"[""Identity crisis"", ""Urbanization"", ""Migration and diaspora""]",model,unreviewed,find,,
a2080ad4-978b-5a47-bc07-6a1c359371e0,Slavery and the Culture of Taste,Simon Gikandi,2014,English,metadata,"It would be easy to assume that, in the eighteenth century, slavery and the culture of taste--the world of politeness, manners, and aesthetics--existed as separate and unequal domains, unrelated in the spheres of social life. But to the contrary, Slavery and the Culture of Taste demonstrates that these two areas of modernity were surprisingly entwined. Ranging across Britain, the antebellum South, and the West Indies, and examining vast archives, including portraits, period paintings, personal narratives, and diaries, Simon Gikandi illustrates how the violence and ugliness of enslavement actually shaped theories of taste, notions of beauty, and practices of high culture, and how slavery's impurity informed and haunted the rarified customs of the time. Gikandi focuses on the ways that the enslavement of Africans and the profits derived from this exploitation enabled the moment of taste in European--mainly British--life, leading to a transformation of bourgeois ideas regarding freedom and selfhood. He explores how these connections played out in the immense fortunes made in the West Indies sugar colonies, supporting the lavish lives of English barons and altering the ideals that defined middle-class subjects. Discussing how the ownership of slaves turned the American planter class into a new aristocracy, Gikandi engages with the slaves' own response to the strange interplay of modern notions of freedom and the realities of bondage, and he emphasizes the aesthetic and cultural processes developed by slaves to create spaces of freedom outside the regimen of enforced labor and truncated leisure. Through a close look at the eighteenth century's many remarkable documents and artworks, Slavery and the Culture of Taste sets forth the tensions and contradictions entangling a brutal practice and the distinctions of civility.",https://books.google.com/books/content?id=tr8d5H-aKMUC&printsec=frontcover&img=1&zoom=1&edge=curl&source=gbs_api,Princeton University,,,,wikidata,"[""Cultural heritage"", ""Marriage and relationships"", ""Folklore and oral traditions""]",model,unreviewed,find,,
0717427e-f4f7-5b7b-ae90-3b5cd6d80391,The Colombia Guide to East African Literature in English Since 1945,Simon Gikandi,2007,English,metadata,"The Columbia Guide to East African Literature in English Since 1945 challenges the conventional belief that the English-language literary traditions of East Africa are restricted to the former British colonies of Kenya, Uganda, and Tanzania. Instead, these traditions stretch far into such neighboring countries as Somalia and Ethiopia. Simon Gikandi and Evan Mwangi assemble a truly inclusive list of major writers and trends. They begin with a chronology of key historical events and an overview of the emergence and transformation of literary culture in the region. Then they provide an alphabetical list of major writers and brief descriptions of their concerns and achievements. Some of the writers discussed include the Kenyan novelists Grace Ogot and Ngugi wa Thiong'o, Ugandan poet and essayist Taban Lo Liyong, Ethiopian playwright and poet Tsegaye Gabre-Medhin, Tanzanian novelist and diplomat Peter Palangyo, Ethiopian novelist Berhane Mariam Sahle-Sellassie, and the novelist M. G. Vassanji, who portrays the Indian diaspora in Africa, Europe, and North America. Separate entries within this list describe thematic concerns, such as colonialism, decolonization, the black aesthetic, and the language question; the growth of genres like autobiography and popular literature; important movements like cultural nationalism and feminism; and the impact of major forces such as AIDS/HIV, Christian missions, and urbanization. Comprehensive and richly detailed, this guide offers a fresh perspective on the role of East Africa in the development of African and world literature in English and a new understanding of the historical, cultural, and geopolitical boundaries of the region.",https://books.google.com/books/content?id=ywEKyvOO_S0C&printsec=frontcover&img=1&zoom=1&edge=curl&source=gbs_api,Columbia University,,,,wikidata,"[""Power of language""]",model,unreviewed,find,,
faf876c5-a244-5ab8-8c73-6bbba4a3c1c0,Writing in Limbo,Simon Gikandi,1992,English,metadata,"In Simon Gikandi’s view, Caribbean literature and postcolonial literature more generally negotiate an uneasy relationship with the concepts of modernism and modernity—a relationship in which the Caribbean writer, unable to escape a history encoded by Europe, accepts the challenge of rewriting it. Drawing on contemporary deconstructionist theory, Gikandi looks at how such Caribbean writers as George Lamming, Samuel Selvon, Alejo Carpentier, C. L. R. James, Paule Marshall, Merle Hodge, Zee Edgell, and Michelle Cliff have attempted to confront European modernism.",https://books.google.com/books/content?id=9A9QDwAAQBAJ&printsec=frontcover&img=1&zoom=1&edge=curl&source=gbs_api,Cornell University Press,,,,wikidata,"[""Dreams and ambitions"", ""Storytelling as resistance"", ""Love and heartbreak""]",model,unreviewed,find,,
4df24ff4-311f-577d-bbe9-b551833a8ccb,Take Nothing with You,Skeeter Wilson,2020,English,guessed,"DigiCat Publishing presents to you this special edition of ""At Good Old Siwash"" by George Fitch. DigiCat Publishing considers every written word to be a legacy of humankind. Every DigiCat book has been carefully reproduced for republishing in a new modern format. The books are available in print, as well as ebooks. DigiCat hopes you will treat this work with the acknowledgment and passion it deserves as a classic of world literature.",https://books.google.com/books/content?id=W0t_EAAAQBAJ&printsec=frontcover&img=1&zoom=1&edge=curl&source=gbs_api,,,,,ol_author,"[""Honesty vs dishonesty"", ""Good vs evil""]",model,unreviewed,find,,
000bf9b3-3e8d-5642-82dc-2fdb17d3b52b,A study of Kalenjin linguistics,Taaitta Toweett,1979,English,guessed,,https://books.google.com/books/content?id=ll65AAAAIAAJ&printsec=frontcover&img=1&zoom=1&source=gbs_api,,,,/works/OL5254165W,ol_author,[],insufficient_text,unreviewed,find,,
8c187f3e-7579-5556-9137-f5c555db4909,An African's year in England,Taaitta Toweett,1983,English,guessed,,https://books.google.com/books/content?id=MM8_AAAAYAAJ&printsec=frontcover&img=1&zoom=1&source=gbs_api,,,,/works/OL5254161W,ol_author,[],insufficient_text,unreviewed,find,,
d2b56306-caa4-5da5-8eeb-1b11de6de340,English-Swahili-Kalenjin,Taaitta Toweett,1979,,,,https://books.google.com/books/content?id=yX8OAAAAYAAJ&printsec=frontcover&img=1&zoom=1&source=gbs_api,,,,/works/OL5254162W,ol_author,[],insufficient_text,unreviewed,find,,
4b2fbf11-e0ab-561f-bd42-b4075a048c63,Epitaph on colonialism and shorter poems,Taaitta Toweett,1980,English,guessed,,https://books.google.com/books/content?id=4MIIAQAAIAAJ&printsec=frontcover&img=1&zoom=1&source=gbs_api,,,,/works/OL5254163W,ol_author,[],insufficient_text,unreviewed,find,,
e334dc8d-d94e-5e57-8e0e-2e528fcf6392,Oral (traditional) history of the Kipsigis,Taaitta Toweett,1979,English,guessed,,,,,,/works/OL31614627W,ol_author,[],insufficient_text,unreviewed,find,,
c10e0a5a-7980-5ae4-b560-1c52d95d37de,Tears over a dead cow,Taaitta Toweett,1980,English,guessed,,https://books.google.com/books/content?id=y69HAAAAYAAJ&printsec=frontcover&img=1&zoom=1&source=gbs_api,,,,/works/OL5254166W,ol_author,[],insufficient_text,unreviewed,find,,
217b8419-0680-5247-a44f-6238e484ae16,Tears over a dead cow and other stories,Taaitta Toweett,1980,English,guessed,,https://books.google.com/books/content?id=y69HAAAAYAAJ&printsec=frontcover&img=1&zoom=1&source=gbs_api,,,,/works/OL37333716W,ol_author,[],insufficient_text,unreviewed,find,,
dad68359-e0a6-5a30-bd02-582dbc1bcad6,Unsung heroes of Lancaster,Taaitta Toweett,2010,English,guessed,,,,,,/works/OL16452488W,ol_author,[],insufficient_text,unreviewed,find,,
89566b40-53f4-5a8a-99cf-a75aebbd4f3a,Boldly queer,Theo Sandfort,2015,English,guessed,"This book presents a new approach to the understanding of non-normative sexuality and gender transgressive modes in South Asia and South Asian diaspora. It reconceives sexual representation from the point of view of the theoretical, political and empirical trajectories of decolonization, provincialization and neoliberalism to look at the role of historical contingency, postcolonial sexual politics and gender and sexual diversity. The volume brings together anthropological, historical, material and political analyses around South Asian sexual politics by exploring a range of themes, including culture, class, ethnicity, identity, intersectionality, migration, borders, diaspora, modernity and cosmopolitanism across various local, regional and global contexts. By using southern/non-Western and subaltern theorizations of gender and sexuality, the book discusses South Asian sexualities through issues such as the sexual politics of indeterminacy; sexual subculture, iconography and political decision-making; religious identity; queer South Asian diaspora; decolonizing the postcolonial body; sexual politics, gender and feminist debates; discrimination, and socio-political violence; the political economy of empowerment; and critical appropriation of the 377 Indian Penal Code. It also builds forms of dialogues to bridge the gap between academic and development practitioners. With diverse case studies and a fresh theoretical framework, this book will be an essential read for scholars and researchers of South Asian studies, gender studies, sexuality studies, sociology and social anthropology, political studies, diaspora studies, postcolonial and global south studies.",https://books.google.com/books/content?id=d1gMEAAAQBAJ&printsec=frontcover&img=1&zoom=1&edge=curl&source=gbs_api,,,,,ol_author,"[""Gender roles and feminism""]",model,unreviewed,find,,
002add0d-5f15-568d-8f37-ba5eef53d146,The slums,Thomas Akare,1981,English,guessed,"Takes readers to the centre of the slums, offering a hard, realistic and unsentimental picture of life in poverty.",https://covers.openlibrary.org/b/id/4334843-L.jpg,,,,,ol_author,"[""Poverty""]",model,unreviewed,find,,
34bd5aa2-fa2f-5688-a931-0cceeaad05ff,Twilight woman,Thomas Akare,1988,,,,https://books.google.com/books/content?id=pBHdxNpLoVcC&printsec=frontcover&img=1&zoom=1&edge=curl&source=gbs_api,,,,/works/OL4769694W,ol_author,[],insufficient_text,unreviewed,find,,
8d590d56-0eff-59ce-aff2-2fa8aac78c8b,Meet the Omtitas,Tony Adam Mochama,2013,English,guessed,,https://covers.openlibrary.org/b/id/11295355-L.jpg,,,,/works/OL23126336W,ol_author,[],insufficient_text,unreviewed,find,,
22f8a9b0-d0fb-5520-baf3-824a00f5501d,"Nairobi, a night guide",Tony Adam Mochama,2013,English,guessed,"The book offers an overview of Eastern African writing in English since the mid-twentieth century. It shows how proximate modes of literary communication, arising out of residual but vibrant traditions of oral communication, blend with contemporary media to produce hybrid genres of proximity specific to Eastern African literary production.",https://books.google.com/books/content?id=4P5cDwAAQBAJ&printsec=frontcover&img=1&zoom=1&edge=curl&source=gbs_api,,,,,ol_author,"[""Power of language"", ""Language and identity"", ""Storytelling as resistance""]",model,unreviewed,find,,
1cd17377-4c8d-5deb-8ec6-f67f5553d857,What if I am a literary gangsta?,Tony Adam Mochama,2007,English,guessed,,https://books.google.com/books/content?id=OUAgAQAAIAAJ&printsec=frontcover&img=1&zoom=1&source=gbs_api,,,,/works/OL24076897W,ol_author,[],insufficient_text,unreviewed,find,,
818e3d1a-f518-547e-9066-d6a46020b451,Princess Adhis and the naija coca broda,Tony Mochama,2011,English,guessed,A novel.,,,,,/works/OL16665097W,ol_author,[],insufficient_text,unreviewed,find,,
41b5514c-a399-58e4-8d19-9d223a738c4d,The road to Eldoret and other stories,Tony Mochama,2009,English,guessed,"Studies on the aesthetic representations of atrocity the world over have taken different discursive dimensions from history, sociology, political to human rights. These perspectives are usually geared towards understanding the manifestations, extent, political and economic implications of atrocities. In all these cases, representation has been the singular concern. Cultural Archives of Atrocity: Essays on the Protest Tradition in Kenyan Literature, Culture and Society brings together generic ways of interrogating artistic representations of atrocity in Kenya. Couched on interdisciplinary, multidisciplinary and cross-disciplinary approaches, essays in this volume investigate representations of Atrocity in Kenyan Literature, Film, Popular Music and other mediated cultural art forms. Contributors to this volume not only bring on board multiple and competing perspectives on studying atrocity and how they are archived but provide refreshing and valuable insights in examining the artistic and cultural interpellations of atrocity within the socio-political imaginaries of the Kenyan nation. This volume forms part of the growing critical resources for scholars undertaking studies on atrocity within the fields of ethnic studies, cultural studies, postcolonial studies, peace and conflict, criminology, psychology, political economy and history in Kenya.",https://books.google.com/books/content?id=v36YDwAAQBAJ&printsec=frontcover&img=1&zoom=1&edge=curl&source=gbs_api,,,,,ol_author,"[""Trauma and healing""]",model,unreviewed,find,,
18030115-c8be-55a3-8255-b4a3407e4c38,Africa after Fifty Years,Toyin Falola,2013,English,guessed,"""By the end of the 1960s most African countries gained political independence. The new corps of leadership envisioned not only a politically stable continent; they also imagined a more cohesive Africa, with bubbly economies driven by the continent's enormous natural and human resources. Approximately fifty years after independence this hope of a politically stable, integrated, and economically thriving Africa has remained elusive for most African countries. African economies remained undiversified with limited capacities for industrialization and economic development. African economies remained tied to western European counties and the United States of America.""--Publisher's website.",https://books.google.com/books/content?id=4ALACQAAQBAJ&printsec=frontcover&img=1&zoom=1&edge=curl&source=gbs_api,,,,,ol_author,"[""Post-independence struggles"", ""Urbanization"", ""Greed""]",model,unreviewed,find,,
f4efc9e5-f3f7-5179-96cf-e70683fb01af,Haki za watoto,Ustadh Mau,,Kiswahili,metadata,"The present volume is a pioneering collection of poetry by the outstanding Kenyan poet, intellectual and imam Ustadh Mahmmoud Mau (born 1952) from Lamu island, once an Indian Ocean hub, now on the edge of the nation state. By means of poetry in Arabic script, the poet raises his voice against social ills and injustices troubling his community on Lamu. The book situates Mahmoud Mau’s oeuvre within transoceanic exchanges of thoughts so characteristic of the Swahili coast. It shows how Swahili Indian Ocean intellectual history inhabits an individual biography and writings. Moreover, it also portrays a unique African Muslim thinker and his poetry in the local language, which has so often been neglected as major site for critical discourse in Islamic Africa. The selected poetry is clustered around the following themes: jamii: societal topical issues, ilimu: the importance of education, huruma: social roles and responsabilities, matukio: biographical events and maombi: supplications. Prefaced by Rayya Timamy (Nairobi University), the volume includes contributions by Jasmin Mahazi, Kai Kresse and Kadara Swaleh, Annachiara Raia and Clarissa Vierke. The authors’ approaches highlight the relevance of local epistemologies as archives for understanding the relationship between reform Islam and local communities in contemporary Africa.",https://books.google.com/books/content?id=Bu77EAAAQBAJ&printsec=frontcover&img=1&zoom=1&edge=curl&source=gbs_api,,,,,wikidata,[],no_confident_theme,unreviewed,find,,
4cc04442-49de-55de-9551-65398e4e659b,Wasiya ya Mabanati,Ustadh Mau,1974,Kiswahili,metadata,"The present volume is a pioneering collection of poetry by the outstanding Kenyan poet, intellectual and imam Ustadh Mahmmoud Mau (born 1952) from Lamu island, once an Indian Ocean hub, now on the edge of the nation state. By means of poetry in Arabic script, the poet raises his voice against social ills and injustices troubling his community on Lamu. The book situates Mahmoud Mau’s oeuvre within transoceanic exchanges of thoughts so characteristic of the Swahili coast. It shows how Swahili Indian Ocean intellectual history inhabits an individual biography and writings. Moreover, it also portrays a unique African Muslim thinker and his poetry in the local language, which has so often been neglected as major site for critical discourse in Islamic Africa. The selected poetry is clustered around the following themes: jamii: societal topical issues, ilimu: the importance of education, huruma: social roles and responsabilities, matukio: biographical events and maombi: supplications. Prefaced by Rayya Timamy (Nairobi University), the volume includes contributions by Jasmin Mahazi, Kai Kresse and Kadara Swaleh, Annachiara Raia and Clarissa Vierke. The authors’ approaches highlight the relevance of local epistemologies as archives for understanding the relationship between reform Islam and local communities in contemporary Africa.",https://books.google.com/books/content?id=Bu77EAAAQBAJ&printsec=frontcover&img=1&zoom=1&edge=curl&source=gbs_api,,,,,wikidata,[],no_confident_theme,unreviewed,find,,
4c026623-564b-559b-aaa8-71ae2d3f4e12,Best of whispers,Wahome Mutahi,2018,English,guessed,,,,,,/works/OL32442758W,ol_author,[],insufficient_text,unreviewed,find,,
deeebca9-8de3-5b13-9f87-2c5b233a907c,Doomsday,Wahome Mutahi,1999,,,,https://books.google.com/books/content?id=B0IgAQAAIAAJ&printsec=frontcover&img=1&zoom=1&source=gbs_api,,,,/works/OL1017033W,ol_author,[],insufficient_text,unreviewed,find,,
00aff6aa-ce05-583b-8cdf-a8698eac7aaf,How to be a Kenyan,Wahome Mutahi,1996,English,guessed,"Peter Enahoro wrote a famously funny book, The Complete Nigerian, and the follow-up How to be a Nigerian. In similar mode, a Kenyan writer has produced a series of hilarious essays about what it means to be a Kenyan. Described as painfully true and outrageously witty, the book is a light-hearted illustration of the particularities of thought, manners and attitude of Kenyan people.",https://covers.openlibrary.org/b/id/2304807-L.jpg,,,,,ol_author,[],no_confident_theme,unreviewed,find,,
edbae11e-42a9-564a-9126-524576007efe,How to be kenyan,Wahome Mutahi,2001,English,metadata,"Peter Enahoro wrote a famously funny book, The Complete Nigerian, and the follow-up How to be a Nigerian. In similar mode, a Kenyan writer has produced a series of hilarious essays about what it means to be a Kenyan. Described as painfully true and outrageously witty, the book is a light-hearted illustration of the particularities of thought, manners and attitude of Kenyan people.",https://books.google.com/books/content?id=eoiYQgAACAAJ&printsec=frontcover&img=1&zoom=1&source=gbs_api,"East African Educational Publishers, Kenya",,,,wikidata,[],no_confident_theme,unreviewed,find,,
f8306d4f-d742-5b40-b6cb-9b07c9193206,Just wait and see,Wahome Mutahi,2003,English,guessed,,https://covers.openlibrary.org/b/id/4317253-L.jpg,,,,/works/OL1017036W,ol_author,[],insufficient_text,unreviewed,find,,
2cef9a2a-d846-5180-ac13-dd9c626e4583,Our daily bread,Wahome Mutahi,1993,,,,https://books.google.com/books/content?id=4R2HAAAAMAAJ&printsec=frontcover&img=1&zoom=1&source=gbs_api,,,,/works/OL23529336W,ol_author,[],insufficient_text,unreviewed,find,,
d2ece7fb-6182-5f81-aebd-292f6d170728,Responsible citizenship,Wahome Mutahi,1993,,,,https://books.google.com/books/content?id=4R2HAAAAMAAJ&printsec=frontcover&img=1&zoom=1&source=gbs_api,,,,/works/OL23534369W,ol_author,[],insufficient_text,unreviewed,find,,
a96085e7-7f7c-5e0e-b0a2-44447da7e395,"Responsible citizenship, building democracy",Wahome Mutahi,1993,,,,https://books.google.com/books/content?id=4R2HAAAAMAAJ&printsec=frontcover&img=1&zoom=1&source=gbs_api,,,,/works/OL38797468W,ol_author,[],insufficient_text,unreviewed,find,,
418ee0c1-c670-5b58-9ea8-c3880411f4d7,The house of doom,Wahome Mutahi,2004,English,guessed,,https://covers.openlibrary.org/b/id/4253455-L.jpg,,,,/works/OL1017034W,ol_author,[],insufficient_text,unreviewed,find,,
e19f3cc3-1888-5783-bccd-0501074ae59b,The jail bugs,Wahome Mutahi,1992,English,guessed,,,,,,/works/OL1017035W,ol_author,[],insufficient_text,unreviewed,find,,
6064bb62-ef27-5958-8614-b430138c11d9,The miracle merchant,Wahome Mutahi,2003,English,guessed,,https://covers.openlibrary.org/b/id/13276464-L.jpg,,,,/works/OL1017037W,ol_author,[],insufficient_text,unreviewed,find,,
57834b75-4efa-5889-8b39-b14d865bc4f0,The world of Whispers,Wahome Mutahi,1991,English,guessed,,https://books.google.com/books/content?id=dHobAAAAIAAJ&printsec=frontcover&img=1&zoom=1&source=gbs_api,,,,/works/OL38708673W,ol_author,[],insufficient_text,unreviewed,find,,
6830373e-feac-5797-ad7d-78b900b56e29,Three days on the cross,Wahome Mutahi,1991,English,guessed,"The author, a well-known Kenyan journalist, and a former detainee, sets his novel in an un-named African country ruled by the Illustrious One - a paranoiac despot. When he demands a crackdown on dissidents, the director of the special police must please him with arrests and detentions. Two of the suspects, a bank employee and a newspaper reporter, are denounced to the authorities, and detained. What follows is a story of Kafkaesque horror, following the men through the dungeons and torture chambers hidden in the capital of a nation masquerading as civil society. The novel enjoyed instant bestseller success in Kenya.",https://covers.openlibrary.org/b/id/2304804-L.jpg,,,,,ol_author,"[""Justice and injustice"", ""Truth and deception"", ""Good vs evil""]",model,unreviewed,find,,
3e88d832-557f-5845-bc81-0f7d763246eb,Whispers & Camisassius,Wahome Mutahi,2002,,,,https://books.google.com/books/content?id=wJFlAAAAMAAJ&printsec=frontcover&img=1&zoom=1&source=gbs_api,,,,/works/OL1017040W,ol_author,[],insufficient_text,unreviewed,find,,
cbbd0148-0e59-5b3b-adba-2af769ab30cc,"Who I am, who we are",Wambui Wamae Kamiru,2016,,,,,,,,/works/OL32560063W,ol_author,[],insufficient_text,unreviewed,find,,
6dcb5a33-850b-508b-8e47-0b1bbe7942e8,Unbowed,Wangari Muta Maathai,2006,English,metadata,"NOBEL PRIZE WINNER • A remarkable memoir of courage, faith, and the power of persistence about one woman's extraodinary journey from her childhood in rural Kenya to the world stage. “[Maathai’s] story provides uplifting proof of the power of perseverance—and of the power of principled, passionate people to change their countries and inspire the world.” —The Washington Post In Unbowed, Nobel Prize winner Wangari Maathai recounts her extraordinary life. When Maathai founded the Green Belt Movement in 1977, she began a vital poor people’s environmental movement, focused on the empowerment of women, that soon spread across Africa. Persevering through run-ins with the Kenyan government and personal losses, and jailed and beaten on numerous occasions, Maathai continued to fight tirelessly to save Kenya’s forests and to restore democracy to her beloved country.",https://books.google.com/books/content?id=l2N-0aShSGAC&printsec=frontcover&img=1&zoom=1&edge=curl&source=gbs_api,,,,OL15606734M,wikidata,"[""Hard work"", ""Generosity""]",model,unreviewed,find,,
9eb8a6ba-8750-55d9-80ad-3d5de1ea4da5,Me Katilili,Wangũi wa Goro,,English,guessed,">Feared and persecuted by the British, Me Katilili led the powerful 1912-1914 Giriama Resistance Movement against British Colonial rule in Kenya. She organized and led the struggle of peasants for control over land, their basic resource. Me Katilili became one of the most important anti-colonial leaders active in Kenya and came to symbolize the progressive role of women in the anti-imperialist struggle. - publisher",https://books.google.com/books/content?id=HLvpUTniGHkC&printsec=frontcover&img=1&zoom=1&edge=curl&source=gbs_api,,,,,ol_author,"[""Leadership and betrayal""]",model,unreviewed,find,,
42728894-3a78-5159-bd8b-35e7e8d62bc3,Palgrave Handbook of Contemporary Kenya,Wanjala S. Nasong'o,2024,English,guessed,"This volume is a bold attempt to address a comprehensive range of themes and issues relating to contemporary Kenya. It covers independent Kenya’s history, society, culture, economics, politics, and environment with great breadth and depth, comprising thirty-four chapters divided into three parts. Part I focuses on independence and the political economy of development, followed by Part II on environment, globalization, gender, and society. Part III examines the external context’s impact and implications for Kenya and the role of Kenya in the global political economy.",https://books.google.com/books/content?id=K6a7EAAAQBAJ&printsec=frontcover&img=1&zoom=1&edge=curl&source=gbs_api,,,,,ol_author,"[""Urban vs rural life"", ""Post-independence struggles"", ""Climate and nature""]",model,unreviewed,find,,
1832e66f-1e21-51f1-a3e1-62ac2c43751b,Palgrave Handbook of Kenyan History,Wanjala S. Nasong'o,2024,English,guessed,"This volume covers Kenya’s history, society, culture, economics, politics, and environment from precolonial times through the first years of independence. The book comprises twenty-one chapters divided into two parts. Part I focuses on the long precolonial moment, detailing the nature of precolonial Kenyan societies and their economics, politics, gender dynamics, and social organization. Part II examines Kenyan societies’ encounters with British colonialism, critically outlining the impact and implications of these encounters. The volume concludes with an examination of political consolidation after the country’s attainment of political independence and the subsequent foundations for political authoritarianism.",https://books.google.com/books/content?id=f7mpEAAAQBAJ&printsec=frontcover&img=1&zoom=1&edge=curl&source=gbs_api,,,,,ol_author,"[""Colonialism and resistance"", ""Post-independence struggles"", ""Urban vs rural life""]",model,unreviewed,find,,
64eb536d-7d2b-51db-9d84-f8ae7b5f256a,The Climate Book,Wanjira Mathai,2022,English,metadata,"A NEW YORK TIMES BESTSELLER We still have time to change the world. From climate activist Greta Thunberg, comes the essential handbook for making it happen. You might think it's an impossible task: secure a safe future for life on Earth, at a scale and speed never seen, against all the odds. There is hope—but only if we listen to the science before it's too late. In The Climate Book, Greta Thunberg has gathered the wisdom of over one hundred experts—geophysicists, oceanographers and meteorologists; engineers, economists and mathematicians; historians, philosophers and Indigenous leaders—to equip us all with the knowledge we need to combat climate disaster. Alongside them, she shares her own stories of demonstrating and uncovering greenwashing around the world, revealing how much we have been kept in the dark. This is one of our biggest challenges, she shows, but also our greatest source of hope. Once we are given the full picture, how can we not act? And if a schoolchild's strike could ignite a global protest, what could we do collectively if we tried? We are alive at the most decisive time in the history of humanity. Together, we can do the seemingly impossible. But it has to be us, and it has to be now.",https://books.google.com/books/content?id=4R3gEAAAQBAJ&printsec=frontcover&img=1&zoom=1&edge=curl&source=gbs_api,,,,OL27820822W,wikidata,"[""Climate and nature""]",model,unreviewed,find,,
89b10cdd-1cd1-57d9-aa19-5832f2e13a25,"A Modern History of Kenya, 1885-1980",William Robert Ochieng',1989,English,guessed,,https://covers.openlibrary.org/b/id/13288125-L.jpg,,,,/works/OL8648774W,ol_author,[],insufficient_text,unreviewed,find,,
d39e50f2-2f20-54a2-8283-514f1fc9a0e5,A history of Kenya,William Robert Ochieng',1985,English,guessed,,https://books.google.com/books/content?id=JlswAQAAIAAJ&printsec=frontcover&img=1&zoom=1&source=gbs_api,,,,/works/OL4954907W,ol_author,[],insufficient_text,unreviewed,find,,
bb2ae598-96de-5489-a7a1-d506991d488d,A history of the Kadimo chiefdom of Yimbo in western Kenya,William Robert Ochieng',1975,English,guessed,,https://books.google.com/books/content?id=Zt4JAQAAIAAJ&printsec=frontcover&img=1&zoom=1&source=gbs_api,,,,/works/OL6551386W,ol_author,[],insufficient_text,unreviewed,find,,
2a6f4a6d-df6b-58c1-a65d-f7840e05856a,A pre-colonial history of the Gusii of western Kenya from c. A.D. 1500 to 1914,William Robert Ochieng',1974,English,guessed,"The Gusii people of Kenya, Africa, were the last major Kenyan ethnic group to be conquered by the British. This is an account of their experience under colonial control and a portrayal of their strong and steadfast resistance. Illustrated with maps and tables.",https://books.google.com/books/content?id=ZtcJl7I_5vsC&printsec=frontcover&img=1&zoom=1&edge=curl&source=gbs_api,,,,,ol_author,"[""Colonialism and resistance""]",model,unreviewed,find,,
af4f39fd-061b-55ab-83a6-4f0682a9af98,An outline history of Nyanza up to 1914,William Robert Ochieng',1974,English,guessed,,https://books.google.com/books/content?id=HgdBAAAAYAAJ&printsec=frontcover&img=1&zoom=1&source=gbs_api,,,,/works/OL4954902W,ol_author,[],insufficient_text,unreviewed,find,,
d977477d-3f11-5bbc-97b2-0b3069b24cc8,An outline history of the Rift Valley of Kenya up to A.D. 1900,William Robert Ochieng',1975,English,guessed,,https://books.google.com/books/content?id=JWwcAAAAMAAJ&printsec=frontcover&img=1&zoom=1&source=gbs_api,,,,/works/OL4954903W,ol_author,[],insufficient_text,unreviewed,find,,
803c29d4-9130-5246-91e7-350ae3a7b029,Eastern Kenya and its invaders,William Robert Ochieng',1975,English,guessed,,https://books.google.com/books/content?id=4WAwtUYnNPwC&printsec=frontcover&img=1&zoom=1&edge=curl&source=gbs_api,,,,/works/OL4954905W,ol_author,[],insufficient_text,unreviewed,find,,
c7645510-16b4-5f33-99e9-311945a00302,Historical studies and social change in western Kenya,William Robert Ochieng',2002,English,guessed,,https://books.google.com/books/content?id=aFLdEiAdhesC&printsec=frontcover&img=1&zoom=1&edge=curl&source=gbs_api,,,,/works/OL23837995W,ol_author,[],insufficient_text,unreviewed,find,,
7faedc81-fdc7-5bd5-9802-41b6103ba3e3,Individual dreams in Kenyan history,William Robert Ochieng',2006,English,guessed,,https://covers.openlibrary.org/b/id/5330804-L.jpg,,,,/works/OL4954908W,ol_author,[],insufficient_text,unreviewed,find,,
56f2920b-39b7-539d-a584-c89af593b53f,People of the south-western highlands,William Robert Ochieng',1986,English,guessed,,,,,,/works/OL4954909W,ol_author,[],insufficient_text,unreviewed,find,,
7115866d-ebdd-5c1c-b3b5-bd9262e3fd5e,People round the lake,William Robert Ochieng',1985,English,guessed,,,,,,/works/OL8648775W,ol_author,[],insufficient_text,unreviewed,find,,
10110fd2-dad3-5901-b9d1-dc661ce53ed1,Politics and leadership in Africa,William Robert Ochieng',1975,English,guessed,,https://books.google.com/books/content?id=oRQkAAAAMAAJ&printsec=frontcover&img=1&zoom=1&source=gbs_api,,,,/works/OL22566969W,ol_author,[],insufficient_text,unreviewed,find,,
adcf938a-b424-5e3b-b015-79599d0d7d1a,The black man's democracy,William Robert Ochieng',2008,English,guessed,,https://books.google.com/books/content?id=3MlCAQAAIAAJ&printsec=frontcover&img=1&zoom=1&source=gbs_api,,,,/works/OL4954904W,ol_author,[],insufficient_text,unreviewed,find,,
003d67ad-05dd-500c-a992-243a46a9c7c9,The first word,William Robert Ochieng',1975,English,guessed,,https://books.google.com/books/content?id=UNhyAAAAMAAJ&printsec=frontcover&img=1&zoom=1&source=gbs_api,,,,/works/OL4954906W,ol_author,[],insufficient_text,unreviewed,find,,
3adbb117-e620-5417-8a61-f0064cc820d1,"The politics of transition from authoritarianism to democracy, 1978-2002",William Robert Ochieng',2007,English,guessed,,https://books.google.com/books/content?id=pP8NAQAAMAAJ&printsec=frontcover&img=1&zoom=1&source=gbs_api,,,,/works/OL24076619W,ol_author,[],insufficient_text,unreviewed,find,,
10d1a621-16a3-5e67-904d-8e352e098e4c,The rise of a nationalist cultural state in pre-colonial Kenya,William Robert Ochieng',1976,English,guessed,Vols. for 19 - include a publishers' directory.,https://books.google.com/books/content?id=iKOaJzyDFFoC&printsec=frontcover&img=1&zoom=1&source=gbs_api,,,,/works/OL39330562W,ol_author,[],insufficient_text,unreviewed,find,,
46bbf374-d7e6-582d-bc5d-09b13d436c24,The second word,William Robert Ochieng',1977,English,guessed,,,,,,/works/OL6551387W,ol_author,[],insufficient_text,unreviewed,find,,
d9c2a67c-cec1-54b1-85b6-aca87c010db7,Themes in Kenyan History,William Robert Ochieng',1990,English,guessed,,https://covers.openlibrary.org/b/id/4774759-L.jpg,,,,/works/OL8648776W,ol_author,[],insufficient_text,unreviewed,find,,
60226a8f-7a51-52ba-8f72-0b32dd2c952a,Dragonfly Sea,Yvonne Adhiambo Owuor,2019,English,guessed,"When a contingent of cultural emissaries from China invite Ayaana abroad, she embarks on a dramatic ship's journey to the Far East, where she will make friends and enemies; and, at last, find understanding where she least expects it",https://books.google.com/books/content?id=2LmHDwAAQBAJ&printsec=frontcover&img=1&zoom=1&edge=curl&source=gbs_api,,,,,ol_author,[],no_confident_theme,unreviewed,find,,
86861147-6018-5346-92ea-4673e0e436cb,Dust,Yvonne Adhiambo Owuor,2013,English,guessed,"""A novel that opens with a young man's murder on the day of the tumultuous 2007 election in Kenya, but then goes into the history of his family and of the splintered African nation around them--in scenes stretching back to a shocking political assassination in 1969 and the Mau Mau uprisings against British colonial rule in the 1950s""--",https://covers.openlibrary.org/b/id/11623238-L.jpg,,,,,ol_author,"[""Political violence""]",model,unreviewed,find,,
5518c25a-782b-57ac-9901-5e06b133ca71,The Dragonfly Sea,Yvonne Adhiambo Owuor,2019,English,metadata,"When a contingent of cultural emissaries from China invite Ayaana abroad, she embarks on a dramatic ship's journey to the Far East, where she will make friends and enemies; and, at last, find understanding where she least expects it",https://books.google.com/books/content?id=2LmHDwAAQBAJ&printsec=frontcover&img=1&zoom=1&edge=curl&source=gbs_api,Alfred A. Knopf,,,,wikidata,"[""Fate and free will""]",model,unreviewed,find,,
4e394414-15c2-5c1c-8ac2-cfa2fba6f4df,Weight of whispers,Yvonne Adhiambo Owuor,2006,English,guessed,A novel.,https://books.google.com/books/content?id=G6Sd04-wJX4C&printsec=frontcover&img=1&zoom=1&edge=curl&source=gbs_api,,,,/works/OL22614489W,ol_author,[],insufficient_text,unreviewed,find,,
